event_date,page_path,country,device,sessions,pageviews,bounce_rate,avg_session_sec
2026-06-03,/,FR,desktop,511,687,28.25,222.10
2026-06-03,/,FR,mobile,479,934,40.54,177.72
2026-06-03,/,FR,tablet,98,156,46.86,312.69
2026-06-03,/,EU,desktop,531,677,56.99,175.60
2026-06-03,/,EU,mobile,450,638,40.03,280.86
2026-06-03,/,EU,tablet,81,104,29.98,100.79
2026-06-03,/,UK,desktop,547,1094,50.87,161.50
2026-06-03,/,UK,mobile,441,616,43.22,313.92
2026-06-03,/,UK,tablet,101,207,30.46,176.76
2026-06-03,/,US,desktop,553,741,58.31,62.36
2026-06-03,/,US,mobile,386,714,58.66,154.71
2026-06-03,/,US,tablet,97,150,55.86,300.79
2026-06-03,/pricing,FR,desktop,285,455,34.96,95.25
2026-06-03,/pricing,FR,mobile,261,338,55.71,107.53
2026-06-03,/pricing,FR,tablet,57,91,61.68,118.80
2026-06-03,/pricing,EU,desktop,326,523,40.49,124.50
2026-06-03,/pricing,EU,mobile,274,418,36.21,150.87
2026-06-03,/pricing,EU,tablet,65,126,36.91,218.60
2026-06-03,/pricing,UK,desktop,289,480,43.77,145.22
2026-06-03,/pricing,UK,mobile,247,349,49.70,291.11
2026-06-03,/pricing,UK,tablet,56,101,40.59,206.26
2026-06-03,/pricing,US,desktop,282,420,33.32,169.56
2026-06-03,/pricing,US,mobile,321,444,48.93,173.74
2026-06-03,/pricing,US,tablet,60,121,37.26,94.94
2026-06-03,/product,FR,desktop,321,610,37.38,190.78
2026-06-03,/product,FR,mobile,295,404,56.23,311.57
2026-06-03,/product,FR,tablet,73,150,60.89,308.79
2026-06-03,/product,EU,desktop,399,810,40.94,284.59
2026-06-03,/product,EU,mobile,268,408,45.32,245.23
2026-06-03,/product,EU,tablet,73,123,37.30,188.27
2026-06-03,/product,UK,desktop,348,628,28.85,102.99
2026-06-03,/product,UK,mobile,316,614,50.73,269.42
2026-06-03,/product,UK,tablet,68,127,48.48,262.34
2026-06-03,/product,US,desktop,305,397,46.24,208.61
2026-06-03,/product,US,mobile,339,517,46.40,301.33
2026-06-03,/product,US,tablet,74,104,56.93,199.05
2026-06-03,/docs,FR,desktop,197,314,30.38,70.43
2026-06-03,/docs,FR,mobile,221,460,44.79,276.78
2026-06-03,/docs,FR,tablet,47,80,45.00,147.50
2026-06-03,/docs,EU,desktop,206,334,49.68,121.98
2026-06-03,/docs,EU,mobile,176,363,36.15,69.54
2026-06-03,/docs,EU,tablet,38,46,35.31,205.04
2026-06-03,/docs,UK,desktop,251,324,29.75,100.05
2026-06-03,/docs,UK,mobile,193,278,33.24,268.52
2026-06-03,/docs,UK,tablet,41,82,50.63,240.96
2026-06-03,/docs,US,desktop,220,278,29.95,152.49
2026-06-03,/docs,US,mobile,168,301,51.94,204.53
2026-06-03,/docs,US,tablet,38,57,38.75,99.60
2026-06-03,/blog/launch,FR,desktop,145,262,35.33,72.40
2026-06-03,/blog/launch,FR,mobile,129,226,34.60,302.30
2026-06-03,/blog/launch,FR,tablet,29,39,57.57,96.87
2026-06-03,/blog/launch,EU,desktop,136,167,51.68,273.42
2026-06-03,/blog/launch,EU,mobile,130,175,48.98,133.20
2026-06-03,/blog/launch,EU,tablet,27,44,46.67,259.29
2026-06-03,/blog/launch,UK,desktop,178,247,44.17,70.43
2026-06-03,/blog/launch,UK,mobile,136,253,52.80,64.67
2026-06-03,/blog/launch,UK,tablet,33,67,51.17,150.10
2026-06-03,/blog/launch,US,desktop,155,233,57.00,140.39
2026-06-03,/blog/launch,US,mobile,145,175,49.49,189.48
2026-06-03,/blog/launch,US,tablet,32,65,51.71,64.61
2026-06-03,/contact,FR,desktop,114,171,44.84,217.41
2026-06-03,/contact,FR,mobile,126,255,44.37,189.23
2026-06-03,/contact,FR,tablet,21,43,42.75,221.00
2026-06-03,/contact,EU,desktop,113,229,55.09,200.86
2026-06-03,/contact,EU,mobile,120,243,42.82,158.62
2026-06-03,/contact,EU,tablet,21,32,50.23,296.75
2026-06-03,/contact,UK,desktop,146,227,29.69,102.73
2026-06-03,/contact,UK,mobile,113,148,53.73,152.39
2026-06-03,/contact,UK,tablet,23,32,54.98,204.76
2026-06-03,/contact,US,desktop,115,214,31.64,258.58
2026-06-03,/contact,US,mobile,97,135,46.99,256.36
2026-06-03,/contact,US,tablet,23,30,58.11,133.66
2026-06-03,/signup,FR,desktop,186,346,61.52,95.84
2026-06-03,/signup,FR,mobile,192,258,39.13,138.34
2026-06-03,/signup,FR,tablet,40,71,36.39,164.68
2026-06-03,/signup,EU,desktop,201,378,50.81,220.26
2026-06-03,/signup,EU,mobile,149,233,31.49,185.41
2026-06-03,/signup,EU,tablet,39,60,60.90,60.87
2026-06-03,/signup,UK,desktop,209,436,38.68,241.15
2026-06-03,/signup,UK,mobile,171,330,48.03,179.16
2026-06-03,/signup,UK,tablet,36,60,55.72,140.94
2026-06-03,/signup,US,desktop,169,313,41.67,156.72
2026-06-03,/signup,US,mobile,162,291,53.97,154.27
2026-06-03,/signup,US,tablet,35,62,47.07,265.68
2026-06-04,/,FR,desktop,547,948,45.23,216.00
2026-06-04,/,FR,mobile,388,494,38.85,232.77
2026-06-04,/,FR,tablet,103,129,34.84,231.73
2026-06-04,/,EU,desktop,563,1005,51.18,171.18
2026-06-04,/,EU,mobile,506,735,49.86,198.48
2026-06-04,/,EU,tablet,101,172,60.41,142.95
2026-06-04,/,UK,desktop,481,903,40.46,95.93
2026-06-04,/,UK,mobile,466,625,31.41,316.01
2026-06-04,/,UK,tablet,102,152,56.57,71.90
2026-06-04,/,US,desktop,456,730,58.06,213.75
2026-06-04,/,US,mobile,442,822,59.74,215.00
2026-06-04,/,US,tablet,92,170,51.16,117.14
2026-06-04,/pricing,FR,desktop,301,386,37.00,187.19
2026-06-04,/pricing,FR,mobile,320,554,58.16,170.76
2026-06-04,/pricing,FR,tablet,56,110,51.50,279.14
2026-06-04,/pricing,EU,desktop,310,465,38.72,293.19
2026-06-04,/pricing,EU,mobile,305,415,49.99,89.45
2026-06-04,/pricing,EU,tablet,66,116,28.93,115.82
2026-06-04,/pricing,UK,desktop,286,395,54.78,124.55
2026-06-04,/pricing,UK,mobile,265,420,29.48,227.61
2026-06-04,/pricing,UK,tablet,57,86,51.21,156.15
2026-06-04,/pricing,US,desktop,322,416,56.51,290.94
2026-06-04,/pricing,US,mobile,247,439,44.28,264.29
2026-06-04,/pricing,US,tablet,59,118,50.89,304.01
2026-06-04,/product,FR,desktop,401,632,36.17,254.81
2026-06-04,/product,FR,mobile,325,563,29.11,181.76
2026-06-04,/product,FR,tablet,58,93,51.65,65.36
2026-06-04,/product,EU,desktop,382,482,48.98,230.99
2026-06-04,/product,EU,mobile,277,467,46.56,87.86
2026-06-04,/product,EU,tablet,58,111,61.32,193.59
2026-06-04,/product,UK,desktop,336,703,50.16,287.89
2026-06-04,/product,UK,mobile,264,404,43.93,77.82
2026-06-04,/product,UK,tablet,66,87,47.13,232.66
2026-06-04,/product,US,desktop,303,373,37.23,112.97
2026-06-04,/product,US,mobile,267,532,57.58,266.44
2026-06-04,/product,US,tablet,56,87,39.01,290.09
2026-06-04,/docs,FR,desktop,227,390,54.64,132.62
2026-06-04,/docs,FR,mobile,211,343,60.17,222.21
2026-06-04,/docs,FR,tablet,39,54,30.58,312.93
2026-06-04,/docs,EU,desktop,246,388,58.71,199.64
2026-06-04,/docs,EU,mobile,199,373,35.20,223.99
2026-06-04,/docs,EU,tablet,47,66,56.60,276.24
2026-06-04,/docs,UK,desktop,250,510,61.53,114.70
2026-06-04,/docs,UK,mobile,199,379,59.91,185.46
2026-06-04,/docs,UK,tablet,42,87,50.11,214.50
2026-06-04,/docs,US,desktop,233,428,48.11,126.75
2026-06-04,/docs,US,mobile,201,321,43.21,206.92
2026-06-04,/docs,US,tablet,41,51,45.20,155.74
2026-06-04,/blog/launch,FR,desktop,171,263,54.95,150.51
2026-06-04,/blog/launch,FR,mobile,131,184,38.13,130.31
2026-06-04,/blog/launch,FR,tablet,28,44,58.36,277.98
2026-06-04,/blog/launch,EU,desktop,166,345,55.41,83.17
2026-06-04,/blog/launch,EU,mobile,125,156,54.58,192.74
2026-06-04,/blog/launch,EU,tablet,26,53,56.73,266.92
2026-06-04,/blog/launch,UK,desktop,176,225,51.43,107.53
2026-06-04,/blog/launch,UK,mobile,124,203,58.64,281.30
2026-06-04,/blog/launch,UK,tablet,28,42,34.17,303.43
2026-06-04,/blog/launch,US,desktop,151,221,35.58,142.31
2026-06-04,/blog/launch,US,mobile,151,204,32.75,115.86
2026-06-04,/blog/launch,US,tablet,33,42,44.61,159.58
2026-06-04,/contact,FR,desktop,138,177,38.17,275.47
2026-06-04,/contact,FR,mobile,119,201,36.98,229.13
2026-06-04,/contact,FR,tablet,21,40,53.23,171.97
2026-06-04,/contact,EU,desktop,130,162,29.98,148.29
2026-06-04,/contact,EU,mobile,108,140,35.20,180.04
2026-06-04,/contact,EU,tablet,25,36,45.43,214.11
2026-06-04,/contact,UK,desktop,136,251,55.61,164.92
2026-06-04,/contact,UK,mobile,105,157,31.09,285.32
2026-06-04,/contact,UK,tablet,26,34,56.90,216.41
2026-06-04,/contact,US,desktop,131,177,43.61,70.01
2026-06-04,/contact,US,mobile,123,200,52.72,98.40
2026-06-04,/contact,US,tablet,24,36,35.46,268.18
2026-06-04,/signup,FR,desktop,182,278,34.64,99.62
2026-06-04,/signup,FR,mobile,158,193,61.49,250.37
2026-06-04,/signup,FR,tablet,36,71,51.38,127.69
2026-06-04,/signup,EU,desktop,173,324,41.25,211.31
2026-06-04,/signup,EU,mobile,191,268,45.02,128.20
2026-06-04,/signup,EU,tablet,38,78,47.93,253.85
2026-06-04,/signup,UK,desktop,166,346,52.19,262.38
2026-06-04,/signup,UK,mobile,165,199,44.50,113.34
2026-06-04,/signup,UK,tablet,40,54,49.55,245.77
2026-06-04,/signup,US,desktop,198,358,30.03,205.85
2026-06-04,/signup,US,mobile,177,296,57.06,149.74
2026-06-04,/signup,US,tablet,34,59,53.73,223.53
2026-06-05,/,FR,desktop,564,828,52.02,227.43
2026-06-05,/,FR,mobile,503,666,47.30,303.26
2026-06-05,/,FR,tablet,107,197,48.81,232.69
2026-06-05,/,EU,desktop,497,844,30.10,72.20
2026-06-05,/,EU,mobile,402,824,41.54,229.15
2026-06-05,/,EU,tablet,98,132,48.00,174.04
2026-06-05,/,UK,desktop,500,1028,48.68,175.37
2026-06-05,/,UK,mobile,392,623,58.23,199.07
2026-06-05,/,UK,tablet,92,176,49.52,313.89
2026-06-05,/,US,desktop,586,947,60.73,303.77
2026-06-05,/,US,mobile,497,761,58.38,317.95
2026-06-05,/,US,tablet,97,133,36.91,202.92
2026-06-05,/pricing,FR,desktop,272,423,32.32,215.47
2026-06-05,/pricing,FR,mobile,265,385,58.17,185.47
2026-06-05,/pricing,FR,tablet,65,109,48.34,61.66
2026-06-05,/pricing,EU,desktop,288,595,41.72,207.41
2026-06-05,/pricing,EU,mobile,282,370,50.51,86.07
2026-06-05,/pricing,EU,tablet,60,102,46.17,116.90
2026-06-05,/pricing,UK,desktop,291,515,51.51,307.97
2026-06-05,/pricing,UK,mobile,251,435,42.90,200.69
2026-06-05,/pricing,UK,tablet,64,124,39.79,64.64
2026-06-05,/pricing,US,desktop,352,531,49.97,143.00
2026-06-05,/pricing,US,mobile,271,377,56.99,61.40
2026-06-05,/pricing,US,tablet,67,82,51.48,314.94
2026-06-05,/product,FR,desktop,301,602,37.28,88.57
2026-06-05,/product,FR,mobile,301,564,28.31,220.81
2026-06-05,/product,FR,tablet,57,72,45.90,176.00
2026-06-05,/product,EU,desktop,365,633,55.27,238.21
2026-06-05,/product,EU,mobile,289,516,37.56,177.41
2026-06-05,/product,EU,tablet,63,119,61.31,165.47
2026-06-05,/product,UK,desktop,381,589,29.20,160.28
2026-06-05,/product,UK,mobile,346,536,49.41,192.80
2026-06-05,/product,UK,tablet,73,104,52.43,141.69
2026-06-05,/product,US,desktop,331,537,42.14,69.10
2026-06-05,/product,US,mobile,307,383,38.57,174.93
2026-06-05,/product,US,tablet,74,128,45.77,214.44
2026-06-05,/docs,FR,desktop,252,430,31.72,187.60
2026-06-05,/docs,FR,mobile,191,243,39.41,190.46
2026-06-05,/docs,FR,tablet,41,52,38.89,70.49
2026-06-05,/docs,EU,desktop,249,464,31.71,95.03
2026-06-05,/docs,EU,mobile,224,302,52.23,111.10
2026-06-05,/docs,EU,tablet,37,45,49.42,83.77
2026-06-05,/docs,UK,desktop,236,475,55.76,141.10
2026-06-05,/docs,UK,mobile,201,348,54.97,73.55
2026-06-05,/docs,UK,tablet,35,71,55.91,305.64
2026-06-05,/docs,US,desktop,199,286,29.84,85.58
2026-06-05,/docs,US,mobile,209,277,35.56,316.77
2026-06-05,/docs,US,tablet,38,70,44.55,300.65
2026-06-05,/blog/launch,FR,desktop,166,284,40.42,258.75
2026-06-05,/blog/launch,FR,mobile,142,267,48.00,287.20
2026-06-05,/blog/launch,FR,tablet,25,50,33.32,290.61
2026-06-05,/blog/launch,EU,desktop,175,290,55.52,142.60
2026-06-05,/blog/launch,EU,mobile,125,211,47.80,213.85
2026-06-05,/blog/launch,EU,tablet,30,49,29.43,132.76
2026-06-05,/blog/launch,UK,desktop,177,365,48.26,228.85
2026-06-05,/blog/launch,UK,mobile,121,253,28.12,64.51
2026-06-05,/blog/launch,UK,tablet,34,52,31.88,209.36
2026-06-05,/blog/launch,US,desktop,158,190,43.32,254.71
2026-06-05,/blog/launch,US,mobile,128,226,61.06,314.47
2026-06-05,/blog/launch,US,tablet,31,51,57.19,82.48
2026-06-05,/contact,FR,desktop,143,231,52.82,204.55
2026-06-05,/contact,FR,mobile,114,165,40.44,151.79
2026-06-05,/contact,FR,tablet,25,36,59.66,233.89
2026-06-05,/contact,EU,desktop,114,150,37.13,139.21
2026-06-05,/contact,EU,mobile,120,200,58.70,210.97
2026-06-05,/contact,EU,tablet,23,42,33.62,304.45
2026-06-05,/contact,UK,desktop,130,267,37.73,95.52
2026-06-05,/contact,UK,mobile,96,170,47.23,135.31
2026-06-05,/contact,UK,tablet,25,37,61.26,275.91
2026-06-05,/contact,US,desktop,117,207,47.40,108.79
2026-06-05,/contact,US,mobile,125,203,46.86,184.71
2026-06-05,/contact,US,tablet,21,30,31.71,313.70
2026-06-05,/signup,FR,desktop,206,412,34.40,317.07
2026-06-05,/signup,FR,mobile,168,330,60.08,265.12
2026-06-05,/signup,FR,tablet,34,59,28.85,62.15
2026-06-05,/signup,EU,desktop,198,342,44.58,197.63
2026-06-05,/signup,EU,mobile,158,324,44.60,103.49
2026-06-05,/signup,EU,tablet,39,52,40.64,306.33
2026-06-05,/signup,UK,desktop,190,273,28.66,277.27
2026-06-05,/signup,UK,mobile,180,279,42.47,173.44
2026-06-05,/signup,UK,tablet,30,58,41.90,131.74
2026-06-05,/signup,US,desktop,171,241,52.51,62.51
2026-06-05,/signup,US,mobile,181,322,30.37,285.87
2026-06-05,/signup,US,tablet,34,63,53.85,263.09
2026-06-06,/,FR,desktop,316,504,60.11,182.16
2026-06-06,/,FR,mobile,347,677,30.82,99.70
2026-06-06,/,FR,tablet,73,142,49.91,190.14
2026-06-06,/,EU,desktop,395,608,33.41,219.27
2026-06-06,/,EU,mobile,350,446,57.77,293.82
2026-06-06,/,EU,tablet,61,82,41.19,260.30
2026-06-06,/,UK,desktop,344,548,42.77,69.58
2026-06-06,/,UK,mobile,309,404,49.28,262.93
2026-06-06,/,UK,tablet,74,97,53.64,259.30
2026-06-06,/,US,desktop,385,653,48.63,197.08
2026-06-06,/,US,mobile,350,498,52.41,94.86
2026-06-06,/,US,tablet,59,87,59.63,198.84
2026-06-06,/pricing,FR,desktop,207,393,30.65,307.71
2026-06-06,/pricing,FR,mobile,195,290,54.89,115.93
2026-06-06,/pricing,FR,tablet,47,76,31.20,135.60
2026-06-06,/pricing,EU,desktop,249,307,29.24,219.61
2026-06-06,/pricing,EU,mobile,196,264,38.09,260.07
2026-06-06,/pricing,EU,tablet,43,81,60.20,185.45
2026-06-06,/pricing,UK,desktop,206,416,58.16,115.06
2026-06-06,/pricing,UK,mobile,219,421,40.57,85.24
2026-06-06,/pricing,UK,tablet,42,79,30.85,140.80
2026-06-06,/pricing,US,desktop,248,466,61.01,285.05
2026-06-06,/pricing,US,mobile,167,338,58.74,128.39
2026-06-06,/pricing,US,tablet,45,90,52.92,164.50
2026-06-06,/product,FR,desktop,224,325,36.89,293.50
2026-06-06,/product,FR,mobile,192,256,52.38,284.51
2026-06-06,/product,FR,tablet,47,70,60.96,157.43
2026-06-06,/product,EU,desktop,249,320,54.52,105.90
2026-06-06,/product,EU,mobile,185,302,34.24,247.72
2026-06-06,/product,EU,tablet,39,60,60.96,239.73
2026-06-06,/product,UK,desktop,264,368,57.95,117.97
2026-06-06,/product,UK,mobile,228,274,41.94,122.12
2026-06-06,/product,UK,tablet,45,56,50.67,282.81
2026-06-06,/product,US,desktop,278,354,53.87,104.86
2026-06-06,/product,US,mobile,193,293,33.91,140.96
2026-06-06,/product,US,tablet,42,77,49.66,160.87
2026-06-06,/docs,FR,desktop,141,176,38.81,297.48
2026-06-06,/docs,FR,mobile,153,258,60.07,187.25
2026-06-06,/docs,FR,tablet,27,40,51.89,282.00
2026-06-06,/docs,EU,desktop,167,242,50.84,97.99
2026-06-06,/docs,EU,mobile,134,250,50.83,220.95
2026-06-06,/docs,EU,tablet,29,41,56.55,248.19
2026-06-06,/docs,UK,desktop,137,238,43.30,300.85
2026-06-06,/docs,UK,mobile,135,214,28.47,103.09
2026-06-06,/docs,UK,tablet,30,57,44.71,134.40
2026-06-06,/docs,US,desktop,154,223,57.86,276.83
2026-06-06,/docs,US,mobile,131,229,59.07,294.71
2026-06-06,/docs,US,tablet,29,45,54.67,192.74
2026-06-06,/blog/launch,FR,desktop,114,137,30.59,155.32
2026-06-06,/blog/launch,FR,mobile,108,222,54.52,170.67
2026-06-06,/blog/launch,FR,tablet,21,28,41.38,275.87
2026-06-06,/blog/launch,EU,desktop,119,207,38.76,82.58
2026-06-06,/blog/launch,EU,mobile,101,210,30.19,277.78
2026-06-06,/blog/launch,EU,tablet,19,35,52.21,248.02
2026-06-06,/blog/launch,UK,desktop,124,189,51.71,226.76
2026-06-06,/blog/launch,UK,mobile,109,195,31.64,60.21
2026-06-06,/blog/launch,UK,tablet,19,36,45.48,220.74
2026-06-06,/blog/launch,US,desktop,107,172,59.80,119.25
2026-06-06,/blog/launch,US,mobile,105,197,44.50,207.79
2026-06-06,/blog/launch,US,tablet,21,35,28.69,85.11
2026-06-06,/contact,FR,desktop,101,204,33.86,84.73
2026-06-06,/contact,FR,mobile,69,142,31.38,232.16
2026-06-06,/contact,FR,tablet,18,36,36.22,130.36
2026-06-06,/contact,EU,desktop,76,151,37.21,136.33
2026-06-06,/contact,EU,mobile,86,171,53.75,279.69
2026-06-06,/contact,EU,tablet,18,33,60.64,143.04
2026-06-06,/contact,UK,desktop,86,163,59.26,268.28
2026-06-06,/contact,UK,mobile,86,163,40.00,85.48
2026-06-06,/contact,UK,tablet,15,20,39.94,71.36
2026-06-06,/contact,US,desktop,91,173,59.17,116.36
2026-06-06,/contact,US,mobile,80,138,59.92,154.61
2026-06-06,/contact,US,tablet,16,27,44.44,237.53
2026-06-06,/signup,FR,desktop,143,221,33.72,276.25
2026-06-06,/signup,FR,mobile,127,193,59.85,126.74
2026-06-06,/signup,FR,tablet,25,36,55.63,300.60
2026-06-06,/signup,EU,desktop,114,219,41.93,69.17
2026-06-06,/signup,EU,mobile,129,164,61.09,267.56
2026-06-06,/signup,EU,tablet,23,36,32.90,166.50
2026-06-06,/signup,UK,desktop,147,187,56.77,256.78
2026-06-06,/signup,UK,mobile,102,186,37.28,89.47
2026-06-06,/signup,UK,tablet,27,44,46.06,271.39
2026-06-06,/signup,US,desktop,137,196,43.59,78.32
2026-06-06,/signup,US,mobile,103,191,41.80,60.74
2026-06-06,/signup,US,tablet,21,43,39.34,183.11
2026-06-07,/,FR,desktop,356,551,33.97,132.38
2026-06-07,/,FR,mobile,301,392,40.48,76.68
2026-06-07,/,FR,tablet,76,154,32.33,227.91
2026-06-07,/,EU,desktop,349,729,39.32,216.53
2026-06-07,/,EU,mobile,317,414,49.57,247.14
2026-06-07,/,EU,tablet,58,102,40.07,207.94
2026-06-07,/,UK,desktop,385,669,52.85,133.06
2026-06-07,/,UK,mobile,308,521,46.74,187.90
2026-06-07,/,UK,tablet,62,86,30.49,63.48
2026-06-07,/,US,desktop,334,615,52.19,92.21
2026-06-07,/,US,mobile,314,586,38.51,271.73
2026-06-07,/,US,tablet,63,130,52.63,247.47
2026-06-07,/pricing,FR,desktop,241,373,44.42,223.44
2026-06-07,/pricing,FR,mobile,182,255,33.10,193.26
2026-06-07,/pricing,FR,tablet,47,59,52.68,140.10
2026-06-07,/pricing,EU,desktop,248,321,45.62,76.62
2026-06-07,/pricing,EU,mobile,167,239,37.12,111.43
2026-06-07,/pricing,EU,tablet,39,69,43.74,302.26
2026-06-07,/pricing,UK,desktop,241,317,61.60,139.58
2026-06-07,/pricing,UK,mobile,179,356,58.70,286.83
2026-06-07,/pricing,UK,tablet,36,65,29.20,184.17
2026-06-07,/pricing,US,desktop,228,468,57.89,278.65
2026-06-07,/pricing,US,mobile,183,376,51.49,220.13
2026-06-07,/pricing,US,tablet,40,71,52.97,284.21
2026-06-07,/product,FR,desktop,228,357,39.87,148.47
2026-06-07,/product,FR,mobile,215,353,55.24,229.55
2026-06-07,/product,FR,tablet,42,59,55.20,263.34
2026-06-07,/product,EU,desktop,244,320,42.52,299.82
2026-06-07,/product,EU,mobile,215,402,47.11,249.14
2026-06-07,/product,EU,tablet,52,92,55.92,232.13
2026-06-07,/product,UK,desktop,212,374,44.15,317.90
2026-06-07,/product,UK,mobile,234,357,61.33,281.66
2026-06-07,/product,UK,tablet,41,69,42.73,111.34
2026-06-07,/product,US,desktop,217,295,51.09,73.95
2026-06-07,/product,US,mobile,218,390,36.27,134.00
2026-06-07,/product,US,tablet,39,53,34.11,223.10
2026-06-07,/docs,FR,desktop,151,259,33.14,249.71
2026-06-07,/docs,FR,mobile,147,193,35.54,171.63
2026-06-07,/docs,FR,tablet,27,40,33.19,239.00
2026-06-07,/docs,EU,desktop,157,248,55.53,185.90
2026-06-07,/docs,EU,mobile,141,275,45.48,87.54
2026-06-07,/docs,EU,tablet,31,43,54.06,173.61
2026-06-07,/docs,UK,desktop,174,320,32.34,299.67
2026-06-07,/docs,UK,mobile,146,275,42.52,111.07
2026-06-07,/docs,UK,tablet,25,33,45.59,150.92
2026-06-07,/docs,US,desktop,166,305,51.72,132.02
2026-06-07,/docs,US,mobile,139,211,40.07,319.80
2026-06-07,/docs,US,tablet,30,50,30.36,71.65
2026-06-07,/blog/launch,FR,desktop,124,213,31.69,216.94
2026-06-07,/blog/launch,FR,mobile,89,153,35.70,156.68
2026-06-07,/blog/launch,FR,tablet,19,26,57.47,146.28
2026-06-07,/blog/launch,EU,desktop,119,161,45.24,150.10
2026-06-07,/blog/launch,EU,mobile,90,151,49.46,62.31
2026-06-07,/blog/launch,EU,tablet,19,27,58.24,204.24
2026-06-07,/blog/launch,UK,desktop,117,151,30.67,232.02
2026-06-07,/blog/launch,UK,mobile,87,108,29.63,236.73
2026-06-07,/blog/launch,UK,tablet,18,31,50.25,223.02
2026-06-07,/blog/launch,US,desktop,125,174,48.20,240.66
2026-06-07,/blog/launch,US,mobile,84,115,31.84,155.64
2026-06-07,/blog/launch,US,tablet,22,34,60.53,290.03
2026-06-07,/contact,FR,desktop,77,101,36.98,69.34
2026-06-07,/contact,FR,mobile,72,124,45.61,201.76
2026-06-07,/contact,FR,tablet,15,31,37.94,92.73
2026-06-07,/contact,EU,desktop,100,194,31.87,90.88
2026-06-07,/contact,EU,mobile,69,95,34.24,229.35
2026-06-07,/contact,EU,tablet,18,23,60.70,224.80
2026-06-07,/contact,UK,desktop,98,133,44.30,157.74
2026-06-07,/contact,UK,mobile,83,126,47.38,107.16
2026-06-07,/contact,UK,tablet,19,27,33.26,313.80
2026-06-07,/contact,US,desktop,83,123,55.81,240.66
2026-06-07,/contact,US,mobile,77,131,44.05,105.01
2026-06-07,/contact,US,tablet,18,24,54.12,201.36
2026-06-07,/signup,FR,desktop,131,169,59.31,145.26
2026-06-07,/signup,FR,mobile,118,213,54.82,194.39
2026-06-07,/signup,FR,tablet,24,32,42.52,129.85
2026-06-07,/signup,EU,desktop,136,178,61.56,274.14
2026-06-07,/signup,EU,mobile,107,170,43.24,73.58
2026-06-07,/signup,EU,tablet,23,39,58.58,137.79
2026-06-07,/signup,UK,desktop,140,222,50.63,195.39
2026-06-07,/signup,UK,mobile,105,143,55.20,276.92
2026-06-07,/signup,UK,tablet,26,45,28.43,253.86
2026-06-07,/signup,US,desktop,150,264,36.75,144.90
2026-06-07,/signup,US,mobile,101,154,40.92,99.56
2026-06-07,/signup,US,tablet,24,36,47.99,310.65
2026-06-08,/,FR,desktop,520,678,51.60,103.12
2026-06-08,/,FR,mobile,504,836,53.05,252.09
2026-06-08,/,FR,tablet,99,149,49.42,250.05
2026-06-08,/,EU,desktop,582,989,45.46,258.80
2026-06-08,/,EU,mobile,457,734,56.11,122.02
2026-06-08,/,EU,tablet,90,188,41.11,148.62
2026-06-08,/,UK,desktop,560,920,42.63,305.09
2026-06-08,/,UK,mobile,397,723,31.46,184.43
2026-06-08,/,UK,tablet,103,134,39.20,293.26
2026-06-08,/,US,desktop,541,1014,40.44,241.25
2026-06-08,/,US,mobile,500,918,45.16,182.08
2026-06-08,/,US,tablet,107,211,46.92,316.26
2026-06-08,/pricing,FR,desktop,359,637,29.45,91.63
2026-06-08,/pricing,FR,mobile,321,520,51.92,131.13
2026-06-08,/pricing,FR,tablet,62,93,37.33,153.09
2026-06-08,/pricing,EU,desktop,276,560,57.21,303.04
2026-06-08,/pricing,EU,mobile,294,369,43.04,99.77
2026-06-08,/pricing,EU,tablet,60,89,41.52,289.90
2026-06-08,/pricing,UK,desktop,332,589,56.73,218.44
2026-06-08,/pricing,UK,mobile,267,516,36.05,63.95
2026-06-08,/pricing,UK,tablet,63,90,39.27,306.37
2026-06-08,/pricing,US,desktop,359,479,52.16,281.63
2026-06-08,/pricing,US,mobile,316,386,61.74,242.61
2026-06-08,/pricing,US,tablet,51,84,51.27,227.20
2026-06-08,/product,FR,desktop,377,515,60.49,299.64
2026-06-08,/product,FR,mobile,290,483,45.90,257.35
2026-06-08,/product,FR,tablet,74,140,53.85,121.51
2026-06-08,/product,EU,desktop,361,638,29.70,219.03
2026-06-08,/product,EU,mobile,342,561,52.34,245.84
2026-06-08,/product,EU,tablet,71,106,59.73,174.64
2026-06-08,/product,UK,desktop,342,428,50.61,226.75
2026-06-08,/product,UK,mobile,313,622,49.25,243.90
2026-06-08,/product,UK,tablet,67,131,42.37,272.18
2026-06-08,/product,US,desktop,366,556,44.91,87.10
2026-06-08,/product,US,mobile,298,612,61.97,141.93
2026-06-08,/product,US,tablet,56,98,60.27,278.84
2026-06-08,/docs,FR,desktop,233,414,29.35,228.21
2026-06-08,/docs,FR,mobile,182,379,47.63,77.73
2026-06-08,/docs,FR,tablet,42,77,52.22,126.96
2026-06-08,/docs,EU,desktop,198,318,37.96,219.48
2026-06-08,/docs,EU,mobile,167,342,37.29,218.84
2026-06-08,/docs,EU,tablet,44,65,56.91,247.60
2026-06-08,/docs,UK,desktop,211,351,56.92,315.35
2026-06-08,/docs,UK,mobile,172,256,31.76,106.78
2026-06-08,/docs,UK,tablet,43,82,37.38,66.68
2026-06-08,/docs,US,desktop,230,317,50.35,175.90
2026-06-08,/docs,US,mobile,185,386,46.61,262.31
2026-06-08,/docs,US,tablet,47,92,41.35,165.53
2026-06-08,/blog/launch,FR,desktop,172,236,42.40,110.47
2026-06-08,/blog/launch,FR,mobile,139,171,44.20,293.43
2026-06-08,/blog/launch,FR,tablet,29,56,57.35,102.52
2026-06-08,/blog/launch,EU,desktop,176,298,45.34,176.63
2026-06-08,/blog/launch,EU,mobile,156,223,38.80,197.17
2026-06-08,/blog/launch,EU,tablet,33,61,54.85,90.90
2026-06-08,/blog/launch,UK,desktop,156,201,36.19,131.61
2026-06-08,/blog/launch,UK,mobile,150,219,34.31,79.17
2026-06-08,/blog/launch,UK,tablet,30,43,31.34,287.22
2026-06-08,/blog/launch,US,desktop,136,233,29.57,309.85
2026-06-08,/blog/launch,US,mobile,123,230,33.23,70.27
2026-06-08,/blog/launch,US,tablet,26,49,37.67,106.40
2026-06-08,/contact,FR,desktop,110,227,41.69,202.70
2026-06-08,/contact,FR,mobile,102,124,56.89,304.39
2026-06-08,/contact,FR,tablet,21,36,32.04,280.59
2026-06-08,/contact,EU,desktop,132,230,53.61,101.44
2026-06-08,/contact,EU,mobile,125,245,55.90,272.75
2026-06-08,/contact,EU,tablet,24,31,57.10,225.77
2026-06-08,/contact,UK,desktop,116,146,35.37,266.87
2026-06-08,/contact,UK,mobile,127,242,58.86,266.38
2026-06-08,/contact,UK,tablet,20,24,57.90,93.33
2026-06-08,/contact,US,desktop,122,222,42.15,114.92
2026-06-08,/contact,US,mobile,118,169,35.17,307.89
2026-06-08,/contact,US,tablet,21,27,40.71,200.83
2026-06-08,/signup,FR,desktop,214,372,31.69,218.94
2026-06-08,/signup,FR,mobile,154,190,59.87,315.69
2026-06-08,/signup,FR,tablet,31,56,33.07,177.63
2026-06-08,/signup,EU,desktop,174,248,30.38,225.87
2026-06-08,/signup,EU,mobile,158,197,38.22,192.67
2026-06-08,/signup,EU,tablet,30,60,58.09,153.36
2026-06-08,/signup,UK,desktop,178,332,29.22,258.34
2026-06-08,/signup,UK,mobile,182,374,40.31,223.18
2026-06-08,/signup,UK,tablet,36,70,37.02,97.39
2026-06-08,/signup,US,desktop,179,273,44.15,256.96
2026-06-08,/signup,US,mobile,153,295,36.49,130.87
2026-06-08,/signup,US,tablet,37,66,33.17,206.17
2026-06-09,/,FR,desktop,480,808,40.62,307.16
2026-06-09,/,FR,mobile,482,673,30.24,137.81
2026-06-09,/,FR,tablet,103,216,28.15,85.50
2026-06-09,/,EU,desktop,583,1113,32.40,304.03
2026-06-09,/,EU,mobile,411,545,56.66,318.26
2026-06-09,/,EU,tablet,98,139,28.69,94.27
2026-06-09,/,UK,desktop,503,607,56.83,175.87
2026-06-09,/,UK,mobile,494,919,52.26,69.30
2026-06-09,/,UK,tablet,102,190,51.22,252.64
2026-06-09,/,US,desktop,573,823,30.41,83.54
2026-06-09,/,US,mobile,386,625,52.48,291.72
2026-06-09,/,US,tablet,110,203,46.43,319.19
2026-06-09,/pricing,FR,desktop,300,469,33.32,193.48
2026-06-09,/pricing,FR,mobile,287,497,45.39,109.14
2026-06-09,/pricing,FR,tablet,60,113,34.51,224.79
2026-06-09,/pricing,EU,desktop,364,578,39.68,123.81
2026-06-09,/pricing,EU,mobile,239,415,48.52,65.54
2026-06-09,/pricing,EU,tablet,63,84,30.20,197.79
2026-06-09,/pricing,UK,desktop,277,478,60.38,257.85
2026-06-09,/pricing,UK,mobile,304,436,37.00,307.46
2026-06-09,/pricing,UK,tablet,56,74,49.53,197.39
2026-06-09,/pricing,US,desktop,284,431,34.82,115.54
2026-06-09,/pricing,US,mobile,263,406,35.46,150.41
2026-06-09,/pricing,US,tablet,63,107,41.07,297.56
2026-06-09,/product,FR,desktop,300,459,37.71,301.42
2026-06-09,/product,FR,mobile,339,518,38.01,221.40
2026-06-09,/product,FR,tablet,70,105,45.70,241.47
2026-06-09,/product,EU,desktop,332,606,28.21,102.54
2026-06-09,/product,EU,mobile,263,364,47.60,104.49
2026-06-09,/product,EU,tablet,74,116,34.64,188.62
2026-06-09,/product,UK,desktop,392,769,54.29,271.61
2026-06-09,/product,UK,mobile,285,476,50.86,236.27
2026-06-09,/product,UK,tablet,61,106,51.07,223.04
2026-06-09,/product,US,desktop,384,802,44.13,165.75
2026-06-09,/product,US,mobile,328,419,44.17,62.76
2026-06-09,/product,US,tablet,62,78,31.25,71.79
2026-06-09,/docs,FR,desktop,232,339,58.58,190.62
2026-06-09,/docs,FR,mobile,202,363,42.00,216.79
2026-06-09,/docs,FR,tablet,45,76,39.42,288.85
2026-06-09,/docs,EU,desktop,207,376,30.02,220.97
2026-06-09,/docs,EU,mobile,173,255,52.72,130.34
2026-06-09,/docs,EU,tablet,43,83,42.20,114.57
2026-06-09,/docs,UK,desktop,208,260,42.66,124.51
2026-06-09,/docs,UK,mobile,218,306,35.10,260.36
2026-06-09,/docs,UK,tablet,38,48,61.05,202.03
2026-06-09,/docs,US,desktop,208,349,48.53,190.79
2026-06-09,/docs,US,mobile,178,300,44.64,229.03
2026-06-09,/docs,US,tablet,42,58,57.18,129.69
2026-06-09,/blog/launch,FR,desktop,139,274,40.72,255.88
2026-06-09,/blog/launch,FR,mobile,123,244,42.21,295.16
2026-06-09,/blog/launch,FR,tablet,34,57,58.53,236.70
2026-06-09,/blog/launch,EU,desktop,176,330,49.72,133.71
2026-06-09,/blog/launch,EU,mobile,148,218,28.63,271.34
2026-06-09,/blog/launch,EU,tablet,26,48,58.64,213.32
2026-06-09,/blog/launch,UK,desktop,145,237,47.32,129.71
2026-06-09,/blog/launch,UK,mobile,157,308,61.42,96.24
2026-06-09,/blog/launch,UK,tablet,33,64,30.30,181.81
2026-06-09,/blog/launch,US,desktop,173,221,43.71,319.20
2026-06-09,/blog/launch,US,mobile,152,230,49.83,311.39
2026-06-09,/blog/launch,US,tablet,28,53,36.15,64.28
2026-06-09,/contact,FR,desktop,112,218,55.24,237.27
2026-06-09,/contact,FR,mobile,120,239,47.25,281.97
2026-06-09,/contact,FR,tablet,23,41,38.50,121.60
2026-06-09,/contact,EU,desktop,133,263,29.07,140.47
2026-06-09,/contact,EU,mobile,100,171,60.54,264.09
2026-06-09,/contact,EU,tablet,21,32,56.75,189.84
2026-06-09,/contact,UK,desktop,120,216,33.01,220.66
2026-06-09,/contact,UK,mobile,95,147,47.32,130.67
2026-06-09,/contact,UK,tablet,22,38,37.65,75.96
2026-06-09,/contact,US,desktop,119,208,43.89,270.49
2026-06-09,/contact,US,mobile,109,194,44.94,295.31
2026-06-09,/contact,US,tablet,25,51,57.99,142.15
2026-06-09,/signup,FR,desktop,185,289,54.86,61.60
2026-06-09,/signup,FR,mobile,180,367,33.92,236.18
2026-06-09,/signup,FR,tablet,30,39,34.67,311.21
2026-06-09,/signup,EU,desktop,195,248,29.24,219.31
2026-06-09,/signup,EU,mobile,191,354,40.41,291.16
2026-06-09,/signup,EU,tablet,32,47,41.60,297.98
2026-06-09,/signup,UK,desktop,212,394,43.21,106.42
2026-06-09,/signup,UK,mobile,149,233,50.61,159.75
2026-06-09,/signup,UK,tablet,39,72,42.46,241.49
2026-06-09,/signup,US,desktop,196,319,37.47,234.23
2026-06-09,/signup,US,mobile,192,348,42.81,255.57
2026-06-09,/signup,US,tablet,38,60,54.98,312.75
2026-06-10,/,FR,desktop,486,809,60.97,226.26
2026-06-10,/,FR,mobile,423,866,58.27,262.67
2026-06-10,/,FR,tablet,108,213,60.70,222.76
2026-06-10,/,EU,desktop,496,826,50.48,303.87
2026-06-10,/,EU,mobile,403,652,34.52,149.57
2026-06-10,/,EU,tablet,94,152,32.98,221.07
2026-06-10,/,UK,desktop,560,925,33.12,167.03
2026-06-10,/,UK,mobile,495,981,55.45,242.69
2026-06-10,/,UK,tablet,90,151,40.84,210.77
2026-06-10,/,US,desktop,561,926,49.53,154.44
2026-06-10,/,US,mobile,409,557,40.66,116.23
2026-06-10,/,US,tablet,88,111,35.29,270.15
2026-06-10,/pricing,FR,desktop,295,614,41.54,183.16
2026-06-10,/pricing,FR,mobile,254,416,30.69,300.21
2026-06-10,/pricing,FR,tablet,58,82,45.97,262.15
2026-06-10,/pricing,EU,desktop,360,519,29.52,256.37
2026-06-10,/pricing,EU,mobile,253,420,49.38,188.17
2026-06-10,/pricing,EU,tablet,54,75,60.12,244.10
2026-06-10,/pricing,UK,desktop,299,437,48.64,252.05
2026-06-10,/pricing,UK,mobile,245,387,31.77,119.02
2026-06-10,/pricing,UK,tablet,57,96,34.73,219.34
2026-06-10,/pricing,US,desktop,293,557,39.08,142.94
2026-06-10,/pricing,US,mobile,275,393,37.97,276.18
2026-06-10,/pricing,US,tablet,53,94,43.41,129.74
2026-06-10,/product,FR,desktop,322,615,34.19,127.74
2026-06-10,/product,FR,mobile,283,395,61.03,114.26
2026-06-10,/product,FR,tablet,60,106,31.46,132.34
2026-06-10,/product,EU,desktop,396,643,58.47,238.99
2026-06-10,/product,EU,mobile,353,619,59.75,123.31
2026-06-10,/product,EU,tablet,73,121,40.45,115.02
2026-06-10,/product,UK,desktop,343,520,56.81,312.86
2026-06-10,/product,UK,mobile,328,573,36.37,253.32
2026-06-10,/product,UK,tablet,56,86,43.43,228.31
2026-06-10,/product,US,desktop,399,631,38.63,171.72
2026-06-10,/product,US,mobile,312,469,46.26,126.96
2026-06-10,/product,US,tablet,62,92,40.02,202.53
2026-06-10,/docs,FR,desktop,193,345,30.17,141.27
2026-06-10,/docs,FR,mobile,194,305,51.69,273.83
2026-06-10,/docs,FR,tablet,47,77,51.18,250.86
2026-06-10,/docs,EU,desktop,216,274,47.82,143.40
2026-06-10,/docs,EU,mobile,179,234,28.71,81.36
2026-06-10,/docs,EU,tablet,41,64,50.03,200.25
2026-06-10,/docs,UK,desktop,252,509,42.94,195.68
2026-06-10,/docs,UK,mobile,216,412,32.70,160.46
2026-06-10,/docs,UK,tablet,40,72,60.66,206.79
2026-06-10,/docs,US,desktop,256,460,53.98,295.29
2026-06-10,/docs,US,mobile,178,345,56.51,219.30
2026-06-10,/docs,US,tablet,43,61,58.26,251.74
2026-06-10,/blog/launch,FR,desktop,144,292,57.59,231.33
2026-06-10,/blog/launch,FR,mobile,133,169,54.84,224.62
2026-06-10,/blog/launch,FR,tablet,26,36,38.07,120.59
2026-06-10,/blog/launch,EU,desktop,163,250,53.25,178.34
2026-06-10,/blog/launch,EU,mobile,156,273,52.24,77.59
2026-06-10,/blog/launch,EU,tablet,32,58,38.34,276.19
2026-06-10,/blog/launch,UK,desktop,154,210,53.32,117.13
2026-06-10,/blog/launch,UK,mobile,152,222,34.79,173.08
2026-06-10,/blog/launch,UK,tablet,27,34,58.64,171.71
2026-06-10,/blog/launch,US,desktop,152,303,55.31,276.01
2026-06-10,/blog/launch,US,mobile,150,193,54.79,66.94
2026-06-10,/blog/launch,US,tablet,34,49,48.80,62.05
2026-06-10,/contact,FR,desktop,134,199,37.40,75.89
2026-06-10,/contact,FR,mobile,96,141,43.43,196.73
2026-06-10,/contact,FR,tablet,27,34,38.30,178.74
2026-06-10,/contact,EU,desktop,122,169,48.14,235.01
2026-06-10,/contact,EU,mobile,107,172,54.30,64.31
2026-06-10,/contact,EU,tablet,26,42,45.08,281.35
2026-06-10,/contact,UK,desktop,116,158,42.77,275.87
2026-06-10,/contact,UK,mobile,107,199,44.55,265.09
2026-06-10,/contact,UK,tablet,25,33,53.61,289.08
2026-06-10,/contact,US,desktop,121,161,38.68,307.56
2026-06-10,/contact,US,mobile,125,176,36.79,203.13
2026-06-10,/contact,US,tablet,27,47,40.41,283.15
2026-06-10,/signup,FR,desktop,195,322,60.95,109.10
2026-06-10,/signup,FR,mobile,171,225,57.02,202.21
2026-06-10,/signup,FR,tablet,35,54,48.13,219.17
2026-06-10,/signup,EU,desktop,164,278,53.98,141.50
2026-06-10,/signup,EU,mobile,182,282,56.36,289.76
2026-06-10,/signup,EU,tablet,31,41,60.26,258.65
2026-06-10,/signup,UK,desktop,182,343,43.32,272.03
2026-06-10,/signup,UK,mobile,167,249,60.96,182.73
2026-06-10,/signup,UK,tablet,37,56,55.41,248.90
2026-06-10,/signup,US,desktop,170,219,37.32,180.82
2026-06-10,/signup,US,mobile,183,377,38.90,215.44
2026-06-10,/signup,US,tablet,38,65,43.84,244.97
2026-06-11,/,FR,desktop,453,927,32.82,282.76
2026-06-11,/,FR,mobile,409,502,45.26,256.53
2026-06-11,/,FR,tablet,96,117,44.08,288.02
2026-06-11,/,EU,desktop,476,823,42.15,82.27
2026-06-11,/,EU,mobile,489,748,57.80,198.07
2026-06-11,/,EU,tablet,99,171,57.88,230.71
2026-06-11,/,UK,desktop,540,658,40.93,205.37
2026-06-11,/,UK,mobile,400,695,48.64,99.52
2026-06-11,/,UK,tablet,109,161,42.95,106.81
2026-06-11,/,US,desktop,516,744,47.53,237.23
2026-06-11,/,US,mobile,513,664,39.80,236.69
2026-06-11,/,US,tablet,91,161,43.55,130.09
2026-06-11,/pricing,FR,desktop,299,396,48.85,269.00
2026-06-11,/pricing,FR,mobile,311,378,59.21,292.71
2026-06-11,/pricing,FR,tablet,60,82,35.58,284.47
2026-06-11,/pricing,EU,desktop,321,441,59.85,155.09
2026-06-11,/pricing,EU,mobile,315,424,35.13,251.23
2026-06-11,/pricing,EU,tablet,59,87,49.84,283.01
2026-06-11,/pricing,UK,desktop,296,492,53.33,62.04
2026-06-11,/pricing,UK,mobile,277,393,47.06,146.70
2026-06-11,/pricing,UK,tablet,58,84,46.86,83.06
2026-06-11,/pricing,US,desktop,350,470,37.50,190.81
2026-06-11,/pricing,US,mobile,303,423,54.47,203.29
2026-06-11,/pricing,US,tablet,67,126,52.76,240.41
2026-06-11,/product,FR,desktop,368,724,36.53,206.88
2026-06-11,/product,FR,mobile,312,605,45.76,219.24
2026-06-11,/product,FR,tablet,62,103,56.72,96.88
2026-06-11,/product,EU,desktop,378,627,49.25,235.66
2026-06-11,/product,EU,mobile,303,620,43.71,160.24
2026-06-11,/product,EU,tablet,56,88,28.01,186.52
2026-06-11,/product,UK,desktop,302,518,60.09,116.85
2026-06-11,/product,UK,mobile,276,513,56.86,271.20
2026-06-11,/product,UK,tablet,59,80,58.23,257.77
2026-06-11,/product,US,desktop,399,837,54.49,257.91
2026-06-11,/product,US,mobile,302,524,35.05,165.75
2026-06-11,/product,US,tablet,65,85,58.22,209.90
2026-06-11,/docs,FR,desktop,250,425,57.10,74.57
2026-06-11,/docs,FR,mobile,185,247,29.45,284.94
2026-06-11,/docs,FR,tablet,45,60,34.54,155.66
2026-06-11,/docs,EU,desktop,200,391,40.15,198.22
2026-06-11,/docs,EU,mobile,169,251,43.74,73.69
2026-06-11,/docs,EU,tablet,44,89,37.07,155.26
2026-06-11,/docs,UK,desktop,194,334,32.21,194.18
2026-06-11,/docs,UK,mobile,199,397,38.05,72.82
2026-06-11,/docs,UK,tablet,40,48,58.68,220.79
2026-06-11,/docs,US,desktop,225,288,42.67,157.10
2026-06-11,/docs,US,mobile,185,350,47.45,146.44
2026-06-11,/docs,US,tablet,38,46,58.40,118.13
2026-06-11,/blog/launch,FR,desktop,173,215,56.23,93.09
2026-06-11,/blog/launch,FR,mobile,133,191,59.85,226.65
2026-06-11,/blog/launch,FR,tablet,27,38,29.34,111.52
2026-06-11,/blog/launch,EU,desktop,167,239,38.06,162.66
2026-06-11,/blog/launch,EU,mobile,120,169,28.85,65.91
2026-06-11,/blog/launch,EU,tablet,29,60,49.99,310.73
2026-06-11,/blog/launch,UK,desktop,181,341,42.60,88.15
2026-06-11,/blog/launch,UK,mobile,155,260,28.31,121.09
2026-06-11,/blog/launch,UK,tablet,33,43,38.73,63.34
2026-06-11,/blog/launch,US,desktop,164,269,43.65,196.76
2026-06-11,/blog/launch,US,mobile,131,254,51.52,136.95
2026-06-11,/blog/launch,US,tablet,28,35,32.02,255.40
2026-06-11,/contact,FR,desktop,118,223,36.50,279.64
2026-06-11,/contact,FR,mobile,124,221,47.68,282.30
2026-06-11,/contact,FR,tablet,27,33,42.15,138.88
2026-06-11,/contact,EU,desktop,123,176,49.04,74.31
2026-06-11,/contact,EU,mobile,95,171,45.23,187.19
2026-06-11,/contact,EU,tablet,23,45,39.23,288.71
2026-06-11,/contact,UK,desktop,119,173,47.81,237.42
2026-06-11,/contact,UK,mobile,117,147,38.38,211.40
2026-06-11,/contact,UK,tablet,24,46,28.87,60.79
2026-06-11,/contact,US,desktop,109,141,29.14,216.28
2026-06-11,/contact,US,mobile,101,187,29.29,236.46
2026-06-11,/contact,US,tablet,22,31,32.54,195.49
2026-06-11,/signup,FR,desktop,198,253,47.30,88.34
2026-06-11,/signup,FR,mobile,157,266,43.75,276.95
2026-06-11,/signup,FR,tablet,32,63,56.78,170.41
2026-06-11,/signup,EU,desktop,217,396,30.40,288.53
2026-06-11,/signup,EU,mobile,173,308,59.78,165.82
2026-06-11,/signup,EU,tablet,32,59,28.03,218.42
2026-06-11,/signup,UK,desktop,194,284,55.72,111.62
2026-06-11,/signup,UK,mobile,167,248,51.03,278.51
2026-06-11,/signup,UK,tablet,34,45,51.09,314.63
2026-06-11,/signup,US,desktop,185,347,54.95,152.67
2026-06-11,/signup,US,mobile,153,257,42.99,214.40
2026-06-11,/signup,US,tablet,38,56,37.78,256.91
2026-06-12,/,FR,desktop,503,689,43.57,272.83
2026-06-12,/,FR,mobile,488,936,47.02,157.18
2026-06-12,/,FR,tablet,101,174,51.66,307.12
2026-06-12,/,EU,desktop,438,575,54.58,126.40
2026-06-12,/,EU,mobile,433,632,32.98,275.19
2026-06-12,/,EU,tablet,108,130,57.07,192.07
2026-06-12,/,UK,desktop,475,812,53.12,89.77
2026-06-12,/,UK,mobile,429,739,55.42,310.70
2026-06-12,/,UK,tablet,104,190,44.26,127.22
2026-06-12,/,US,desktop,556,1134,40.31,180.20
2026-06-12,/,US,mobile,472,791,41.79,115.94
2026-06-12,/,US,tablet,102,157,35.25,95.43
2026-06-12,/pricing,FR,desktop,305,602,54.47,257.99
2026-06-12,/pricing,FR,mobile,312,643,36.71,236.91
2026-06-12,/pricing,FR,tablet,60,95,56.09,127.85
2026-06-12,/pricing,EU,desktop,280,486,55.73,285.82
2026-06-12,/pricing,EU,mobile,320,577,48.56,273.44
2026-06-12,/pricing,EU,tablet,63,116,53.77,181.14
2026-06-12,/pricing,UK,desktop,350,508,50.09,149.88
2026-06-12,/pricing,UK,mobile,242,472,49.00,145.65
2026-06-12,/pricing,UK,tablet,68,101,32.91,311.74
2026-06-12,/pricing,US,desktop,309,406,54.52,266.52
2026-06-12,/pricing,US,mobile,320,519,31.15,216.75
2026-06-12,/pricing,US,tablet,56,112,33.63,224.65
2026-06-12,/product,FR,desktop,362,591,61.52,318.84
2026-06-12,/product,FR,mobile,292,486,41.05,86.41
2026-06-12,/product,FR,tablet,73,122,38.64,82.98
2026-06-12,/product,EU,desktop,400,799,60.55,61.40
2026-06-12,/product,EU,mobile,343,452,50.78,262.81
2026-06-12,/product,EU,tablet,56,68,53.33,241.33
2026-06-12,/product,UK,desktop,369,487,60.34,154.85
2026-06-12,/product,UK,mobile,342,517,29.00,151.40
2026-06-12,/product,UK,tablet,74,131,31.92,207.76
2026-06-12,/product,US,desktop,403,785,59.82,76.34
2026-06-12,/product,US,mobile,300,575,37.49,181.54
2026-06-12,/product,US,tablet,60,116,29.19,312.07
2026-06-12,/docs,FR,desktop,216,408,42.73,219.93
2026-06-12,/docs,FR,mobile,174,317,33.18,287.47
2026-06-12,/docs,FR,tablet,38,75,54.70,196.70
2026-06-12,/docs,EU,desktop,255,449,61.41,131.53
2026-06-12,/docs,EU,mobile,188,274,58.16,209.62
2026-06-12,/docs,EU,tablet,43,70,36.72,89.74
2026-06-12,/docs,UK,desktop,194,304,59.95,304.66
2026-06-12,/docs,UK,mobile,167,313,60.64,293.53
2026-06-12,/docs,UK,tablet,35,52,51.07,128.42
2026-06-12,/docs,US,desktop,248,437,49.63,304.67
2026-06-12,/docs,US,mobile,209,416,33.68,302.47
2026-06-12,/docs,US,tablet,37,74,50.15,179.57
2026-06-12,/blog/launch,FR,desktop,173,277,55.54,114.21
2026-06-12,/blog/launch,FR,mobile,128,178,52.38,84.38
2026-06-12,/blog/launch,FR,tablet,29,56,32.98,181.46
2026-06-12,/blog/launch,EU,desktop,163,304,39.31,151.06
2026-06-12,/blog/launch,EU,mobile,138,184,51.37,256.02
2026-06-12,/blog/launch,EU,tablet,30,49,44.07,189.67
2026-06-12,/blog/launch,UK,desktop,172,234,59.85,191.47
2026-06-12,/blog/launch,UK,mobile,144,187,29.27,163.94
2026-06-12,/blog/launch,UK,tablet,26,39,59.03,194.35
2026-06-12,/blog/launch,US,desktop,171,348,45.86,177.83
2026-06-12,/blog/launch,US,mobile,152,300,61.57,308.47
2026-06-12,/blog/launch,US,tablet,26,35,57.26,158.22
2026-06-12,/contact,FR,desktop,143,297,30.77,142.16
2026-06-12,/contact,FR,mobile,121,206,44.85,145.79
2026-06-12,/contact,FR,tablet,25,32,28.07,185.99
2026-06-12,/contact,EU,desktop,128,213,53.56,258.28
2026-06-12,/contact,EU,mobile,104,138,39.14,198.39
2026-06-12,/contact,EU,tablet,22,37,57.61,77.80
2026-06-12,/contact,UK,desktop,138,228,46.98,107.42
2026-06-12,/contact,UK,mobile,112,152,47.89,129.63
2026-06-12,/contact,UK,tablet,22,31,36.32,136.58
2026-06-12,/contact,US,desktop,125,164,37.27,83.59
2026-06-12,/contact,US,mobile,123,179,46.29,300.62
2026-06-12,/contact,US,tablet,24,34,47.83,253.81
2026-06-12,/signup,FR,desktop,197,272,35.97,121.46
2026-06-12,/signup,FR,mobile,161,254,29.38,148.14
2026-06-12,/signup,FR,tablet,39,73,35.85,247.00
2026-06-12,/signup,EU,desktop,205,352,35.43,198.40
2026-06-12,/signup,EU,mobile,181,223,57.82,63.04
2026-06-12,/signup,EU,tablet,34,65,30.09,315.71
2026-06-12,/signup,UK,desktop,207,297,53.45,202.81
2026-06-12,/signup,UK,mobile,152,186,59.03,120.09
2026-06-12,/signup,UK,tablet,39,65,38.54,64.63
2026-06-12,/signup,US,desktop,193,370,42.35,90.47
2026-06-12,/signup,US,mobile,169,261,51.58,268.26
2026-06-12,/signup,US,tablet,40,76,50.56,172.84
2026-06-13,/,FR,desktop,365,503,33.46,124.57
2026-06-13,/,FR,mobile,300,552,57.73,91.77
2026-06-13,/,FR,tablet,60,80,44.50,61.46
2026-06-13,/,EU,desktop,407,697,49.97,118.56
2026-06-13,/,EU,mobile,298,421,50.33,250.79
2026-06-13,/,EU,tablet,61,85,34.35,258.45
2026-06-13,/,UK,desktop,308,599,48.71,100.99
2026-06-13,/,UK,mobile,328,421,47.54,292.88
2026-06-13,/,UK,tablet,66,130,52.58,63.46
2026-06-13,/,US,desktop,317,473,34.86,188.50
2026-06-13,/,US,mobile,338,416,48.12,98.34
2026-06-13,/,US,tablet,74,151,61.51,230.86
2026-06-13,/pricing,FR,desktop,253,505,58.22,147.30
2026-06-13,/pricing,FR,mobile,171,286,56.25,251.28
2026-06-13,/pricing,FR,tablet,38,53,40.41,222.54
2026-06-13,/pricing,EU,desktop,195,310,51.35,250.53
2026-06-13,/pricing,EU,mobile,216,402,49.70,235.12
2026-06-13,/pricing,EU,tablet,38,48,45.57,194.88
2026-06-13,/pricing,UK,desktop,205,255,58.92,152.45
2026-06-13,/pricing,UK,mobile,213,350,59.54,193.17
2026-06-13,/pricing,UK,tablet,40,58,51.13,94.96
2026-06-13,/pricing,US,desktop,238,491,55.85,287.97
2026-06-13,/pricing,US,mobile,212,269,56.98,230.17
2026-06-13,/pricing,US,tablet,35,71,55.35,236.81
2026-06-13,/product,FR,desktop,221,376,33.80,162.59
2026-06-13,/product,FR,mobile,205,379,39.41,258.62
2026-06-13,/product,FR,tablet,46,59,45.59,67.33
2026-06-13,/product,EU,desktop,279,476,53.81,134.49
2026-06-13,/product,EU,mobile,192,385,50.65,120.59
2026-06-13,/product,EU,tablet,40,57,37.92,119.28
2026-06-13,/product,UK,desktop,263,375,38.41,61.11
2026-06-13,/product,UK,mobile,215,329,61.75,249.66
2026-06-13,/product,UK,tablet,49,88,55.45,239.53
2026-06-13,/product,US,desktop,257,430,44.37,162.95
2026-06-13,/product,US,mobile,184,294,30.01,213.27
2026-06-13,/product,US,tablet,49,74,51.81,177.65
2026-06-13,/docs,FR,desktop,153,201,35.18,180.76
2026-06-13,/docs,FR,mobile,153,248,44.66,308.63
2026-06-13,/docs,FR,tablet,31,43,29.18,319.03
2026-06-13,/docs,EU,desktop,167,320,42.63,136.39
2026-06-13,/docs,EU,mobile,134,183,36.48,151.92
2026-06-13,/docs,EU,tablet,30,44,43.84,87.40
2026-06-13,/docs,UK,desktop,177,242,40.09,163.08
2026-06-13,/docs,UK,mobile,132,263,28.90,237.30
2026-06-13,/docs,UK,tablet,27,34,45.57,273.72
2026-06-13,/docs,US,desktop,179,328,29.41,234.06
2026-06-13,/docs,US,mobile,117,199,47.36,204.65
2026-06-13,/docs,US,tablet,26,34,53.64,97.74
2026-06-13,/blog/launch,FR,desktop,126,223,50.68,62.86
2026-06-13,/blog/launch,FR,mobile,92,142,33.68,142.81
2026-06-13,/blog/launch,FR,tablet,23,38,48.29,101.64
2026-06-13,/blog/launch,EU,desktop,103,160,53.87,135.57
2026-06-13,/blog/launch,EU,mobile,102,134,52.45,173.73
2026-06-13,/blog/launch,EU,tablet,20,28,41.49,166.86
2026-06-13,/blog/launch,UK,desktop,107,178,56.49,132.89
2026-06-13,/blog/launch,UK,mobile,92,190,38.02,229.96
2026-06-13,/blog/launch,UK,tablet,21,41,52.47,281.75
2026-06-13,/blog/launch,US,desktop,102,141,31.11,122.91
2026-06-13,/blog/launch,US,mobile,111,179,39.53,217.94
2026-06-13,/blog/launch,US,tablet,19,39,50.21,154.92
2026-06-13,/contact,FR,desktop,97,164,31.69,143.73
2026-06-13,/contact,FR,mobile,81,151,31.52,142.79
2026-06-13,/contact,FR,tablet,15,28,36.17,292.04
2026-06-13,/contact,EU,desktop,81,138,34.67,158.47
2026-06-13,/contact,EU,mobile,70,84,38.84,130.92
2026-06-13,/contact,EU,tablet,14,23,40.22,139.43
2026-06-13,/contact,UK,desktop,82,150,59.96,113.57
2026-06-13,/contact,UK,mobile,87,116,49.36,170.14
2026-06-13,/contact,UK,tablet,17,35,61.91,86.47
2026-06-13,/contact,US,desktop,79,143,38.42,205.11
2026-06-13,/contact,US,mobile,72,149,57.30,180.03
2026-06-13,/contact,US,tablet,16,32,50.88,318.05
2026-06-13,/signup,FR,desktop,122,234,50.35,166.63
2026-06-13,/signup,FR,mobile,124,159,53.14,219.85
2026-06-13,/signup,FR,tablet,21,41,60.23,162.47
2026-06-13,/signup,EU,desktop,128,222,61.54,97.06
2026-06-13,/signup,EU,mobile,109,131,52.84,85.33
2026-06-13,/signup,EU,tablet,22,42,29.09,225.85
2026-06-13,/signup,UK,desktop,125,219,31.29,133.36
2026-06-13,/signup,UK,mobile,120,229,31.15,83.97
2026-06-13,/signup,UK,tablet,24,29,30.69,83.72
2026-06-13,/signup,US,desktop,153,227,29.85,291.25
2026-06-13,/signup,US,mobile,127,242,52.81,167.85
2026-06-13,/signup,US,tablet,22,32,51.40,204.69
2026-06-14,/,FR,desktop,382,525,50.71,65.24
2026-06-14,/,FR,mobile,272,372,45.44,212.47
2026-06-14,/,FR,tablet,74,90,34.46,129.89
2026-06-14,/,EU,desktop,340,572,31.87,90.46
2026-06-14,/,EU,mobile,289,569,42.44,306.13
2026-06-14,/,EU,tablet,58,110,51.20,292.47
2026-06-14,/,UK,desktop,397,743,41.69,175.46
2026-06-14,/,UK,mobile,299,558,41.45,110.46
2026-06-14,/,UK,tablet,76,96,29.82,310.46
2026-06-14,/,US,desktop,386,682,56.39,272.30
2026-06-14,/,US,mobile,291,408,29.10,122.41
2026-06-14,/,US,tablet,59,123,45.85,69.15
2026-06-14,/pricing,FR,desktop,196,364,61.64,241.05
2026-06-14,/pricing,FR,mobile,204,302,58.37,173.02
2026-06-14,/pricing,FR,tablet,46,89,45.45,312.29
2026-06-14,/pricing,EU,desktop,252,416,41.65,142.40
2026-06-14,/pricing,EU,mobile,178,234,54.92,66.11
2026-06-14,/pricing,EU,tablet,47,75,53.42,165.58
2026-06-14,/pricing,UK,desktop,240,358,56.35,129.69
2026-06-14,/pricing,UK,mobile,180,255,50.04,297.68
2026-06-14,/pricing,UK,tablet,40,73,53.89,118.95
2026-06-14,/pricing,US,desktop,243,410,37.90,292.94
2026-06-14,/pricing,US,mobile,191,398,35.10,67.31
2026-06-14,/pricing,US,tablet,42,71,38.59,279.70
2026-06-14,/product,FR,desktop,281,509,28.06,101.90
2026-06-14,/product,FR,mobile,234,399,35.53,99.51
2026-06-14,/product,FR,tablet,51,78,35.83,118.99
2026-06-14,/product,EU,desktop,272,335,36.15,106.54
2026-06-14,/product,EU,mobile,221,437,43.32,225.87
2026-06-14,/product,EU,tablet,42,51,53.62,157.55
2026-06-14,/product,UK,desktop,242,402,50.86,316.11
2026-06-14,/product,UK,mobile,194,283,56.63,126.78
2026-06-14,/product,UK,tablet,51,70,50.66,259.02
2026-06-14,/product,US,desktop,257,356,43.40,185.63
2026-06-14,/product,US,mobile,201,263,42.94,248.34
2026-06-14,/product,US,tablet,47,93,57.83,73.30
2026-06-14,/docs,FR,desktop,168,340,48.50,234.21
2026-06-14,/docs,FR,mobile,143,218,56.15,96.33
2026-06-14,/docs,FR,tablet,27,49,54.11,197.22
2026-06-14,/docs,EU,desktop,165,340,50.78,279.15
2026-06-14,/docs,EU,mobile,129,173,44.18,117.06
2026-06-14,/docs,EU,tablet,28,36,58.34,247.20
2026-06-14,/docs,UK,desktop,172,207,60.35,225.75
2026-06-14,/docs,UK,mobile,149,202,45.80,152.65
2026-06-14,/docs,UK,tablet,27,36,43.20,171.49
2026-06-14,/docs,US,desktop,179,298,54.45,207.81
2026-06-14,/docs,US,mobile,149,232,29.21,217.12
2026-06-14,/docs,US,tablet,31,55,47.26,188.54
2026-06-14,/blog/launch,FR,desktop,99,167,36.63,276.45
2026-06-14,/blog/launch,FR,mobile,109,150,46.90,232.87
2026-06-14,/blog/launch,FR,tablet,22,38,32.92,75.30
2026-06-14,/blog/launch,EU,desktop,113,232,41.17,272.35
2026-06-14,/blog/launch,EU,mobile,94,113,44.90,96.38
2026-06-14,/blog/launch,EU,tablet,23,40,33.83,191.73
2026-06-14,/blog/launch,UK,desktop,127,214,54.46,195.37
2026-06-14,/blog/launch,UK,mobile,85,128,31.44,162.00
2026-06-14,/blog/launch,UK,tablet,22,39,46.99,166.45
2026-06-14,/blog/launch,US,desktop,115,217,58.47,285.49
2026-06-14,/blog/launch,US,mobile,89,126,28.87,91.99
2026-06-14,/blog/launch,US,tablet,19,28,45.65,108.84
2026-06-14,/contact,FR,desktop,77,122,54.75,259.80
2026-06-14,/contact,FR,mobile,78,154,53.21,106.48
2026-06-14,/contact,FR,tablet,19,23,57.42,202.96
2026-06-14,/contact,EU,desktop,77,109,39.72,135.87
2026-06-14,/contact,EU,mobile,89,178,45.96,134.16
2026-06-14,/contact,EU,tablet,16,27,60.84,149.14
2026-06-14,/contact,UK,desktop,93,186,53.15,244.84
2026-06-14,/contact,UK,mobile,68,104,45.08,273.93
2026-06-14,/contact,UK,tablet,15,22,32.46,85.37
2026-06-14,/contact,US,desktop,88,177,45.12,255.14
2026-06-14,/contact,US,mobile,72,139,49.15,221.02
2026-06-14,/contact,US,tablet,18,32,29.60,157.47
2026-06-14,/signup,FR,desktop,128,161,56.84,216.55
2026-06-14,/signup,FR,mobile,114,187,44.81,195.50
2026-06-14,/signup,FR,tablet,26,48,28.97,88.45
2026-06-14,/signup,EU,desktop,151,185,52.28,235.61
2026-06-14,/signup,EU,mobile,131,185,59.84,242.00
2026-06-14,/signup,EU,tablet,25,38,28.92,233.75
2026-06-14,/signup,UK,desktop,129,207,42.67,168.00
2026-06-14,/signup,UK,mobile,119,221,53.60,271.79
2026-06-14,/signup,UK,tablet,28,57,37.15,222.45
2026-06-14,/signup,US,desktop,127,202,47.26,125.03
2026-06-14,/signup,US,mobile,122,204,37.33,114.51
2026-06-14,/signup,US,tablet,23,36,30.47,104.36
2026-06-15,/,FR,desktop,479,778,38.42,122.54
2026-06-15,/,FR,mobile,395,484,35.85,264.37
2026-06-15,/,FR,tablet,90,157,33.14,278.35
2026-06-15,/,EU,desktop,573,704,46.64,165.21
2026-06-15,/,EU,mobile,486,755,30.41,191.04
2026-06-15,/,EU,tablet,109,189,28.76,139.52
2026-06-15,/,UK,desktop,490,693,49.22,90.90
2026-06-15,/,UK,mobile,392,758,31.57,237.52
2026-06-15,/,UK,tablet,89,159,29.22,307.56
2026-06-15,/,US,desktop,549,894,57.87,317.15
2026-06-15,/,US,mobile,401,636,52.71,186.55
2026-06-15,/,US,tablet,94,135,37.40,93.40
2026-06-15,/pricing,FR,desktop,322,461,46.19,82.74
2026-06-15,/pricing,FR,mobile,261,413,34.25,238.57
2026-06-15,/pricing,FR,tablet,63,116,55.19,75.35
2026-06-15,/pricing,EU,desktop,354,450,55.97,63.13
2026-06-15,/pricing,EU,mobile,279,405,48.25,62.41
2026-06-15,/pricing,EU,tablet,65,115,39.92,157.33
2026-06-15,/pricing,UK,desktop,366,691,47.35,150.77
2026-06-15,/pricing,UK,mobile,278,551,30.43,115.87
2026-06-15,/pricing,UK,tablet,58,74,31.21,93.38
2026-06-15,/pricing,US,desktop,274,484,53.13,118.53
2026-06-15,/pricing,US,mobile,252,406,58.02,239.94
2026-06-15,/pricing,US,tablet,65,115,59.76,138.19
2026-06-15,/product,FR,desktop,382,537,54.42,258.95
2026-06-15,/product,FR,mobile,310,395,37.99,191.06
2026-06-15,/product,FR,tablet,74,145,38.70,97.85
2026-06-15,/product,EU,desktop,389,703,28.13,128.02
2026-06-15,/product,EU,mobile,310,499,57.49,151.35
2026-06-15,/product,EU,tablet,69,136,53.68,241.26
2026-06-15,/product,UK,desktop,353,641,42.65,307.46
2026-06-15,/product,UK,mobile,317,398,49.35,107.24
2026-06-15,/product,UK,tablet,65,127,54.21,150.86
2026-06-15,/product,US,desktop,359,738,28.69,238.87
2026-06-15,/product,US,mobile,333,476,45.87,142.05
2026-06-15,/product,US,tablet,70,138,42.14,255.81
2026-06-15,/docs,FR,desktop,197,278,44.78,146.41
2026-06-15,/docs,FR,mobile,191,320,42.65,222.31
2026-06-15,/docs,FR,tablet,39,79,52.69,164.18
2026-06-15,/docs,EU,desktop,237,329,46.89,292.15
2026-06-15,/docs,EU,mobile,208,313,53.35,87.61
2026-06-15,/docs,EU,tablet,41,63,37.36,153.65
2026-06-15,/docs,UK,desktop,227,283,30.94,256.80
2026-06-15,/docs,UK,mobile,217,426,30.09,132.86
2026-06-15,/docs,UK,tablet,41,51,59.14,132.27
2026-06-15,/docs,US,desktop,200,345,50.54,245.21
2026-06-15,/docs,US,mobile,188,374,40.23,77.83
2026-06-15,/docs,US,tablet,46,79,43.51,142.56
2026-06-15,/blog/launch,FR,desktop,173,322,60.27,175.31
2026-06-15,/blog/launch,FR,mobile,139,215,59.08,172.67
2026-06-15,/blog/launch,FR,tablet,33,49,30.47,239.36
2026-06-15,/blog/launch,EU,desktop,170,339,54.15,68.25
2026-06-15,/blog/launch,EU,mobile,128,207,55.81,183.92
2026-06-15,/blog/launch,EU,tablet,29,44,43.11,120.87
2026-06-15,/blog/launch,UK,desktop,154,223,48.71,300.24
2026-06-15,/blog/launch,UK,mobile,126,199,55.55,216.79
2026-06-15,/blog/launch,UK,tablet,32,53,30.75,137.35
2026-06-15,/blog/launch,US,desktop,139,283,53.40,149.09
2026-06-15,/blog/launch,US,mobile,144,263,61.47,108.31
2026-06-15,/blog/launch,US,tablet,32,40,55.29,276.53
2026-06-15,/contact,FR,desktop,142,266,57.68,269.86
2026-06-15,/contact,FR,mobile,123,189,34.52,85.25
2026-06-15,/contact,FR,tablet,24,38,58.25,123.19
2026-06-15,/contact,EU,desktop,112,231,50.12,234.92
2026-06-15,/contact,EU,mobile,109,218,30.32,145.38
2026-06-15,/contact,EU,tablet,20,33,38.45,184.63
2026-06-15,/contact,UK,desktop,141,244,61.00,67.88
2026-06-15,/contact,UK,mobile,128,238,30.01,272.89
2026-06-15,/contact,UK,tablet,24,34,52.95,168.44
2026-06-15,/contact,US,desktop,124,179,38.38,133.66
2026-06-15,/contact,US,mobile,97,131,61.89,144.01
2026-06-15,/contact,US,tablet,22,44,59.44,310.83
2026-06-15,/signup,FR,desktop,217,282,49.41,176.40
2026-06-15,/signup,FR,mobile,167,216,40.43,131.45
2026-06-15,/signup,FR,tablet,37,70,53.38,252.53
2026-06-15,/signup,EU,desktop,189,381,61.30,172.88
2026-06-15,/signup,EU,mobile,162,299,43.64,78.71
2026-06-15,/signup,EU,tablet,35,70,56.75,218.47
2026-06-15,/signup,UK,desktop,201,357,54.20,126.23
2026-06-15,/signup,UK,mobile,193,346,41.20,85.56
2026-06-15,/signup,UK,tablet,35,50,43.30,246.04
2026-06-15,/signup,US,desktop,208,406,60.20,220.21
2026-06-15,/signup,US,mobile,155,244,36.15,131.30
2026-06-15,/signup,US,tablet,34,66,56.29,104.73
2026-06-16,/,FR,desktop,564,1161,31.11,96.32
2026-06-16,/,FR,mobile,401,662,49.63,153.11
2026-06-16,/,FR,tablet,90,150,62.00,267.16
2026-06-16,/,EU,desktop,462,752,60.29,239.27
2026-06-16,/,EU,mobile,390,518,47.46,133.81
2026-06-16,/,EU,tablet,88,118,30.47,125.65
2026-06-16,/,UK,desktop,532,952,42.43,75.64
2026-06-16,/,UK,mobile,479,917,56.77,140.69
2026-06-16,/,UK,tablet,93,113,56.91,160.13
2026-06-16,/,US,desktop,466,951,50.94,288.49
2026-06-16,/,US,mobile,431,731,57.35,85.13
2026-06-16,/,US,tablet,106,151,48.39,167.18
2026-06-16,/pricing,FR,desktop,358,636,29.32,262.39
2026-06-16,/pricing,FR,mobile,318,622,41.27,199.53
2026-06-16,/pricing,FR,tablet,63,77,30.25,297.37
2026-06-16,/pricing,EU,desktop,291,399,54.36,63.68
2026-06-16,/pricing,EU,mobile,268,402,30.98,244.89
2026-06-16,/pricing,EU,tablet,62,78,55.59,114.88
2026-06-16,/pricing,UK,desktop,356,743,59.32,304.41
2026-06-16,/pricing,UK,mobile,294,433,28.79,305.57
2026-06-16,/pricing,UK,tablet,65,87,47.19,145.16
2026-06-16,/pricing,US,desktop,307,525,39.14,216.82
2026-06-16,/pricing,US,mobile,283,483,61.06,297.53
2026-06-16,/pricing,US,tablet,58,103,28.31,129.53
2026-06-16,/product,FR,desktop,334,516,35.59,210.08
2026-06-16,/product,FR,mobile,339,421,39.61,260.39
2026-06-16,/product,FR,tablet,67,104,50.54,129.47
2026-06-16,/product,EU,desktop,379,536,47.57,290.36
2026-06-16,/product,EU,mobile,274,514,36.83,108.35
2026-06-16,/product,EU,tablet,75,125,32.34,187.79
2026-06-16,/product,UK,desktop,333,695,60.13,252.16
2026-06-16,/product,UK,mobile,265,518,29.43,64.69
2026-06-16,/product,UK,tablet,65,122,34.40,224.10
2026-06-16,/product,US,desktop,339,518,40.84,187.11
2026-06-16,/product,US,mobile,304,632,47.53,265.93
2026-06-16,/product,US,tablet,65,82,37.84,124.10
2026-06-16,/docs,FR,desktop,238,299,52.11,319.27
2026-06-16,/docs,FR,mobile,196,358,44.96,217.12
2026-06-16,/docs,FR,tablet,38,61,52.19,245.28
2026-06-16,/docs,EU,desktop,195,388,31.35,174.54
2026-06-16,/docs,EU,mobile,216,359,32.38,287.25
2026-06-16,/docs,EU,tablet,42,81,55.17,172.78
2026-06-16,/docs,UK,desktop,199,291,34.74,234.05
2026-06-16,/docs,UK,mobile,202,411,48.38,150.43
2026-06-16,/docs,UK,tablet,44,67,36.33,278.99
2026-06-16,/docs,US,desktop,238,451,42.96,79.10
2026-06-16,/docs,US,mobile,210,314,58.95,128.77
2026-06-16,/docs,US,tablet,37,75,52.88,90.02
2026-06-16,/blog/launch,FR,desktop,170,300,35.40,300.58
2026-06-16,/blog/launch,FR,mobile,152,296,57.07,304.41
2026-06-16,/blog/launch,FR,tablet,32,42,43.88,170.60
2026-06-16,/blog/launch,EU,desktop,179,330,45.11,124.40
2026-06-16,/blog/launch,EU,mobile,137,257,52.66,140.13
2026-06-16,/blog/launch,EU,tablet,26,37,34.46,169.96
2026-06-16,/blog/launch,UK,desktop,148,211,58.92,208.11
2026-06-16,/blog/launch,UK,mobile,125,220,41.61,304.40
2026-06-16,/blog/launch,UK,tablet,32,56,29.58,209.39
2026-06-16,/blog/launch,US,desktop,157,292,47.50,124.91
2026-06-16,/blog/launch,US,mobile,144,229,50.21,92.68
2026-06-16,/blog/launch,US,tablet,32,43,52.81,196.49
2026-06-16,/contact,FR,desktop,136,221,31.25,235.94
2026-06-16,/contact,FR,mobile,123,172,38.33,207.66
2026-06-16,/contact,FR,tablet,24,30,45.40,100.27
2026-06-16,/contact,EU,desktop,144,280,33.08,119.45
2026-06-16,/contact,EU,mobile,96,160,40.02,234.43
2026-06-16,/contact,EU,tablet,25,33,59.34,233.17
2026-06-16,/contact,UK,desktop,146,300,51.31,218.48
2026-06-16,/contact,UK,mobile,105,207,36.80,108.39
2026-06-16,/contact,UK,tablet,26,43,37.65,188.79
2026-06-16,/contact,US,desktop,113,198,53.92,103.86
2026-06-16,/contact,US,mobile,120,145,31.68,188.08
2026-06-16,/contact,US,tablet,25,48,55.39,283.03
2026-06-16,/signup,FR,desktop,170,288,39.03,240.14
2026-06-16,/signup,FR,mobile,152,200,61.71,64.55
2026-06-16,/signup,FR,tablet,41,76,56.56,89.53
2026-06-16,/signup,EU,desktop,188,333,46.76,132.80
2026-06-16,/signup,EU,mobile,190,385,34.46,270.19
2026-06-16,/signup,EU,tablet,39,55,60.63,205.28
2026-06-16,/signup,UK,desktop,198,355,33.97,248.09
2026-06-16,/signup,UK,mobile,167,287,35.21,152.66
2026-06-16,/signup,UK,tablet,31,45,47.02,97.40
2026-06-16,/signup,US,desktop,167,272,37.01,166.30
2026-06-16,/signup,US,mobile,186,349,49.09,139.47
2026-06-16,/signup,US,tablet,40,67,43.02,180.87
2026-06-17,/,FR,desktop,542,1000,53.26,123.76
2026-06-17,/,FR,mobile,385,790,32.89,239.13
2026-06-17,/,FR,tablet,108,188,55.17,281.23
2026-06-17,/,EU,desktop,507,945,38.26,169.88
2026-06-17,/,EU,mobile,450,613,43.73,237.03
2026-06-17,/,EU,tablet,91,170,44.84,139.83
2026-06-17,/,UK,desktop,490,736,36.14,314.02
2026-06-17,/,UK,mobile,469,609,47.55,204.94
2026-06-17,/,UK,tablet,92,144,52.47,304.10
2026-06-17,/,US,desktop,503,878,50.81,63.25
2026-06-17,/,US,mobile,490,901,43.96,240.53
2026-06-17,/,US,tablet,94,170,56.13,131.05
2026-06-17,/pricing,FR,desktop,314,570,29.34,254.89
2026-06-17,/pricing,FR,mobile,311,625,29.77,285.79
2026-06-17,/pricing,FR,tablet,58,116,47.33,134.42
2026-06-17,/pricing,EU,desktop,341,618,56.12,193.31
2026-06-17,/pricing,EU,mobile,244,466,34.70,187.90
2026-06-17,/pricing,EU,tablet,53,88,43.74,221.09
2026-06-17,/pricing,UK,desktop,334,553,36.25,80.80
2026-06-17,/pricing,UK,mobile,263,474,48.35,118.40
2026-06-17,/pricing,UK,tablet,61,116,32.49,162.68
2026-06-17,/pricing,US,desktop,283,560,59.23,215.59
2026-06-17,/pricing,US,mobile,266,490,53.87,319.60
2026-06-17,/pricing,US,tablet,55,100,42.98,267.31
2026-06-17,/product,FR,desktop,382,712,56.73,254.12
2026-06-17,/product,FR,mobile,311,388,53.60,184.34
2026-06-17,/product,FR,tablet,63,129,44.43,82.77
2026-06-17,/product,EU,desktop,396,576,33.54,164.20
2026-06-17,/product,EU,mobile,338,627,42.86,161.68
2026-06-17,/product,EU,tablet,72,104,35.81,296.11
2026-06-17,/product,UK,desktop,403,648,54.94,195.69
2026-06-17,/product,UK,mobile,294,420,53.85,93.47
2026-06-17,/product,UK,tablet,63,119,44.51,179.10
2026-06-17,/product,US,desktop,346,420,32.56,299.24
2026-06-17,/product,US,mobile,265,342,40.23,193.58
2026-06-17,/product,US,tablet,65,99,61.18,189.23
2026-06-17,/docs,FR,desktop,245,427,32.52,69.37
2026-06-17,/docs,FR,mobile,220,430,30.44,186.11
2026-06-17,/docs,FR,tablet,43,54,46.74,297.12
2026-06-17,/docs,EU,desktop,221,383,36.82,246.12
2026-06-17,/docs,EU,mobile,179,365,60.86,77.35
2026-06-17,/docs,EU,tablet,36,72,44.47,122.98
2026-06-17,/docs,UK,desktop,245,316,51.42,213.35
2026-06-17,/docs,UK,mobile,219,349,53.60,316.30
2026-06-17,/docs,UK,tablet,45,62,41.67,270.72
2026-06-17,/docs,US,desktop,191,394,53.32,173.04
2026-06-17,/docs,US,mobile,220,456,57.64,115.15
2026-06-17,/docs,US,tablet,39,78,41.43,125.27
2026-06-17,/blog/launch,FR,desktop,174,342,57.05,94.36
2026-06-17,/blog/launch,FR,mobile,156,214,53.65,145.97
2026-06-17,/blog/launch,FR,tablet,31,52,59.92,189.54
2026-06-17,/blog/launch,EU,desktop,153,242,42.65,74.99
2026-06-17,/blog/launch,EU,mobile,153,211,43.08,235.34
2026-06-17,/blog/launch,EU,tablet,34,65,36.28,83.02
2026-06-17,/blog/launch,UK,desktop,143,285,29.95,288.69
2026-06-17,/blog/launch,UK,mobile,119,202,61.53,179.87
2026-06-17,/blog/launch,UK,tablet,31,42,37.38,195.43
2026-06-17,/blog/launch,US,desktop,180,360,43.78,183.17
2026-06-17,/blog/launch,US,mobile,150,307,35.69,135.42
2026-06-17,/blog/launch,US,tablet,27,40,35.54,213.89
2026-06-17,/contact,FR,desktop,129,191,41.54,190.41
2026-06-17,/contact,FR,mobile,101,197,28.50,71.41
2026-06-17,/contact,FR,tablet,21,32,45.30,166.65
2026-06-17,/contact,EU,desktop,127,194,37.16,163.80
2026-06-17,/contact,EU,mobile,95,195,47.28,67.23
2026-06-17,/contact,EU,tablet,23,45,53.58,251.52
2026-06-17,/contact,UK,desktop,109,202,57.83,226.77
2026-06-17,/contact,UK,mobile,102,135,48.39,292.53
2026-06-17,/contact,UK,tablet,24,34,35.95,85.97
2026-06-17,/contact,US,desktop,133,221,44.11,268.88
2026-06-17,/contact,US,mobile,110,148,60.58,129.60
2026-06-17,/contact,US,tablet,26,50,30.96,223.05
2026-06-17,/signup,FR,desktop,213,337,41.55,146.19
2026-06-17,/signup,FR,mobile,168,239,47.98,92.50
2026-06-17,/signup,FR,tablet,31,46,36.83,268.56
2026-06-17,/signup,EU,desktop,213,300,45.43,75.69
2026-06-17,/signup,EU,mobile,151,225,53.95,288.77
2026-06-17,/signup,EU,tablet,31,38,49.83,209.98
2026-06-17,/signup,UK,desktop,171,305,40.87,160.13
2026-06-17,/signup,UK,mobile,160,212,61.69,107.15
2026-06-17,/signup,UK,tablet,37,58,33.94,239.30
2026-06-17,/signup,US,desktop,214,270,47.73,296.37
2026-06-17,/signup,US,mobile,164,210,60.73,300.60
2026-06-17,/signup,US,tablet,38,77,42.12,122.22
2026-06-18,/,FR,desktop,483,718,57.31,184.40
2026-06-18,/,FR,mobile,425,799,53.45,261.84
2026-06-18,/,FR,tablet,96,157,41.85,115.46
2026-06-18,/,EU,desktop,462,890,34.89,114.02
2026-06-18,/,EU,mobile,480,862,36.14,173.56
2026-06-18,/,EU,tablet,95,174,43.96,82.67
2026-06-18,/,UK,desktop,447,740,33.21,286.29
2026-06-18,/,UK,mobile,381,712,28.09,151.81
2026-06-18,/,UK,tablet,105,183,54.45,279.69
2026-06-18,/,US,desktop,462,639,52.39,76.05
2026-06-18,/,US,mobile,484,671,46.49,104.54
2026-06-18,/,US,tablet,92,137,32.62,301.54
2026-06-18,/pricing,FR,desktop,333,531,54.18,110.09
2026-06-18,/pricing,FR,mobile,261,488,49.82,295.94
2026-06-18,/pricing,FR,tablet,59,87,52.43,120.89
2026-06-18,/pricing,EU,desktop,317,553,34.65,274.99
2026-06-18,/pricing,EU,mobile,303,458,52.82,222.78
2026-06-18,/pricing,EU,tablet,59,73,41.70,67.53
2026-06-18,/pricing,UK,desktop,316,421,36.13,197.14
2026-06-18,/pricing,UK,mobile,255,439,44.17,168.70
2026-06-18,/pricing,UK,tablet,62,79,31.76,288.44
2026-06-18,/pricing,US,desktop,281,531,36.38,159.20
2026-06-18,/pricing,US,mobile,297,518,37.42,260.64
2026-06-18,/pricing,US,tablet,53,85,60.33,205.00
2026-06-18,/product,FR,desktop,307,606,38.29,119.01
2026-06-18,/product,FR,mobile,298,386,31.69,281.98
2026-06-18,/product,FR,tablet,57,117,44.64,317.46
2026-06-18,/product,EU,desktop,337,566,30.70,167.24
2026-06-18,/product,EU,mobile,307,452,32.42,248.22
2026-06-18,/product,EU,tablet,63,81,47.91,272.54
2026-06-18,/product,UK,desktop,346,542,39.38,245.75
2026-06-18,/product,UK,mobile,275,431,43.03,88.17
2026-06-18,/product,UK,tablet,61,88,35.97,192.27
2026-06-18,/product,US,desktop,333,478,28.93,260.49
2026-06-18,/product,US,mobile,314,554,42.47,64.39
2026-06-18,/product,US,tablet,67,110,51.75,192.15
2026-06-18,/docs,FR,desktop,225,309,34.29,138.97
2026-06-18,/docs,FR,mobile,205,391,61.12,82.64
2026-06-18,/docs,FR,tablet,43,75,33.38,292.69
2026-06-18,/docs,EU,desktop,204,395,60.81,191.64
2026-06-18,/docs,EU,mobile,193,316,52.80,273.25
2026-06-18,/docs,EU,tablet,38,78,38.72,63.48
2026-06-18,/docs,UK,desktop,213,347,36.42,302.95
2026-06-18,/docs,UK,mobile,207,412,28.91,273.43
2026-06-18,/docs,UK,tablet,47,64,47.92,197.58
2026-06-18,/docs,US,desktop,224,350,28.07,128.08
2026-06-18,/docs,US,mobile,168,245,48.21,190.17
2026-06-18,/docs,US,tablet,42,86,41.75,86.25
2026-06-18,/blog/launch,FR,desktop,170,235,44.16,166.64
2026-06-18,/blog/launch,FR,mobile,127,229,51.15,124.08
2026-06-18,/blog/launch,FR,tablet,33,47,43.74,267.87
2026-06-18,/blog/launch,EU,desktop,183,351,58.99,186.96
2026-06-18,/blog/launch,EU,mobile,142,252,43.95,128.40
2026-06-18,/blog/launch,EU,tablet,25,42,37.91,246.25
2026-06-18,/blog/launch,UK,desktop,172,208,49.05,304.56
2026-06-18,/blog/launch,UK,mobile,151,224,60.18,158.27
2026-06-18,/blog/launch,UK,tablet,31,47,58.87,73.33
2026-06-18,/blog/launch,US,desktop,136,232,33.02,305.04
2026-06-18,/blog/launch,US,mobile,142,237,35.24,97.45
2026-06-18,/blog/launch,US,tablet,27,32,56.86,266.50
2026-06-18,/contact,FR,desktop,146,242,29.67,237.48
2026-06-18,/contact,FR,mobile,100,177,51.57,225.20
2026-06-18,/contact,FR,tablet,21,28,31.99,87.23
2026-06-18,/contact,EU,desktop,115,179,43.03,157.19
2026-06-18,/contact,EU,mobile,102,172,44.06,114.00
2026-06-18,/contact,EU,tablet,26,42,53.78,243.64
2026-06-18,/contact,UK,desktop,128,231,61.98,121.59
2026-06-18,/contact,UK,mobile,124,193,52.09,288.23
2026-06-18,/contact,UK,tablet,26,52,48.89,203.51
2026-06-18,/contact,US,desktop,141,282,32.69,318.81
2026-06-18,/contact,US,mobile,121,172,43.47,264.48
2026-06-18,/contact,US,tablet,24,33,42.28,115.14
2026-06-18,/signup,FR,desktop,175,316,54.21,292.10
2026-06-18,/signup,FR,mobile,183,280,55.77,178.25
2026-06-18,/signup,FR,tablet,32,54,40.73,232.94
2026-06-18,/signup,EU,desktop,177,234,32.22,130.31
2026-06-18,/signup,EU,mobile,160,333,39.76,91.22
2026-06-18,/signup,EU,tablet,35,70,28.90,319.27
2026-06-18,/signup,UK,desktop,213,410,47.00,85.65
2026-06-18,/signup,UK,mobile,168,298,56.11,257.65
2026-06-18,/signup,UK,tablet,32,39,45.88,287.71
2026-06-18,/signup,US,desktop,193,379,61.42,69.29
2026-06-18,/signup,US,mobile,175,361,47.30,203.80
2026-06-18,/signup,US,tablet,36,73,30.25,76.80
2026-06-19,/,FR,desktop,440,863,50.83,288.69
2026-06-19,/,FR,mobile,502,911,61.84,187.22
2026-06-19,/,FR,tablet,95,135,34.85,256.96
2026-06-19,/,EU,desktop,575,1118,31.38,285.22
2026-06-19,/,EU,mobile,460,715,48.05,134.67
2026-06-19,/,EU,tablet,103,195,34.11,282.80
2026-06-19,/,UK,desktop,465,938,59.89,133.56
2026-06-19,/,UK,mobile,453,592,44.76,103.09
2026-06-19,/,UK,tablet,95,154,53.16,85.81
2026-06-19,/,US,desktop,449,666,56.48,288.08
2026-06-19,/,US,mobile,435,676,31.54,239.67
2026-06-19,/,US,tablet,88,139,48.36,81.04
2026-06-19,/pricing,FR,desktop,292,496,60.29,244.11
2026-06-19,/pricing,FR,mobile,299,419,30.41,253.23
2026-06-19,/pricing,FR,tablet,58,75,33.62,68.58
2026-06-19,/pricing,EU,desktop,337,681,48.35,112.92
2026-06-19,/pricing,EU,mobile,280,483,51.31,136.61
2026-06-19,/pricing,EU,tablet,66,108,57.54,300.29
2026-06-19,/pricing,UK,desktop,318,452,33.79,310.85
2026-06-19,/pricing,UK,mobile,242,469,46.46,139.20
2026-06-19,/pricing,UK,tablet,60,102,47.44,288.28
2026-06-19,/pricing,US,desktop,327,553,50.64,188.28
2026-06-19,/pricing,US,mobile,255,489,50.24,169.55
2026-06-19,/pricing,US,tablet,65,89,47.05,98.28
2026-06-19,/product,FR,desktop,306,389,35.38,79.79
2026-06-19,/product,FR,mobile,262,353,53.43,80.81
2026-06-19,/product,FR,tablet,64,105,46.96,114.00
2026-06-19,/product,EU,desktop,382,536,37.37,219.70
2026-06-19,/product,EU,mobile,337,588,41.05,286.43
2026-06-19,/product,EU,tablet,63,110,38.90,73.29
2026-06-19,/product,UK,desktop,325,408,45.89,64.76
2026-06-19,/product,UK,mobile,320,438,49.09,148.63
2026-06-19,/product,UK,tablet,68,111,49.34,128.79
2026-06-19,/product,US,desktop,365,761,49.93,240.18
2026-06-19,/product,US,mobile,313,402,43.12,143.49
2026-06-19,/product,US,tablet,69,132,29.93,308.40
2026-06-19,/docs,FR,desktop,210,307,32.38,128.47
2026-06-19,/docs,FR,mobile,179,323,48.62,288.08
2026-06-19,/docs,FR,tablet,40,62,47.29,119.98
2026-06-19,/docs,EU,desktop,238,452,48.26,267.06
2026-06-19,/docs,EU,mobile,207,306,28.09,292.17
2026-06-19,/docs,EU,tablet,45,76,61.09,111.97
2026-06-19,/docs,UK,desktop,234,295,37.30,117.63
2026-06-19,/docs,UK,mobile,204,261,33.19,228.78
2026-06-19,/docs,UK,tablet,41,66,32.99,148.25
2026-06-19,/docs,US,desktop,219,431,57.36,255.98
2026-06-19,/docs,US,mobile,168,336,46.39,60.00
2026-06-19,/docs,US,tablet,40,69,33.46,152.61
2026-06-19,/blog/launch,FR,desktop,158,224,30.30,88.16
2026-06-19,/blog/launch,FR,mobile,137,257,54.15,274.81
2026-06-19,/blog/launch,FR,tablet,26,53,34.34,76.54
2026-06-19,/blog/launch,EU,desktop,137,248,55.66,127.95
2026-06-19,/blog/launch,EU,mobile,139,177,59.56,114.39
2026-06-19,/blog/launch,EU,tablet,27,51,42.87,309.52
2026-06-19,/blog/launch,UK,desktop,165,243,45.77,144.75
2026-06-19,/blog/launch,UK,mobile,139,277,30.95,205.20
2026-06-19,/blog/launch,UK,tablet,30,38,44.45,307.12
2026-06-19,/blog/launch,US,desktop,165,256,34.34,305.01
2026-06-19,/blog/launch,US,mobile,125,200,32.53,310.52
2026-06-19,/blog/launch,US,tablet,28,55,54.47,251.94
2026-06-19,/contact,FR,desktop,137,252,54.86,298.32
2026-06-19,/contact,FR,mobile,105,149,37.76,195.63
2026-06-19,/contact,FR,tablet,23,30,34.81,172.97
2026-06-19,/contact,EU,desktop,137,282,41.01,197.91
2026-06-19,/contact,EU,mobile,128,268,44.10,60.52
2026-06-19,/contact,EU,tablet,26,40,50.63,228.81
2026-06-19,/contact,UK,desktop,144,267,30.30,247.80
2026-06-19,/contact,UK,mobile,109,180,60.14,71.75
2026-06-19,/contact,UK,tablet,26,50,30.66,243.30
2026-06-19,/contact,US,desktop,119,215,55.26,127.36
2026-06-19,/contact,US,mobile,113,232,48.22,200.42
2026-06-19,/contact,US,tablet,23,42,51.52,121.27
2026-06-19,/signup,FR,desktop,180,354,37.96,307.43
2026-06-19,/signup,FR,mobile,151,231,28.69,79.99
2026-06-19,/signup,FR,tablet,36,53,55.73,154.23
2026-06-19,/signup,EU,desktop,183,290,60.11,203.72
2026-06-19,/signup,EU,mobile,150,290,36.00,171.42
2026-06-19,/signup,EU,tablet,31,37,57.79,149.72
2026-06-19,/signup,UK,desktop,177,370,41.08,260.59
2026-06-19,/signup,UK,mobile,184,273,39.08,107.40
2026-06-19,/signup,UK,tablet,31,53,53.25,159.06
2026-06-19,/signup,US,desktop,216,393,59.75,227.00
2026-06-19,/signup,US,mobile,188,248,29.52,157.77
2026-06-19,/signup,US,tablet,31,54,58.95,103.76
2026-06-20,/,FR,desktop,338,672,58.79,119.49
2026-06-20,/,FR,mobile,327,533,50.57,94.35
2026-06-20,/,FR,tablet,73,99,48.66,305.05
2026-06-20,/,EU,desktop,304,553,44.77,255.31
2026-06-20,/,EU,mobile,357,638,60.48,216.55
2026-06-20,/,EU,tablet,60,95,28.89,256.35
2026-06-20,/,UK,desktop,354,716,35.80,303.00
2026-06-20,/,UK,mobile,320,549,39.09,116.03
2026-06-20,/,UK,tablet,61,83,31.93,147.27
2026-06-20,/,US,desktop,372,754,30.90,106.92
2026-06-20,/,US,mobile,333,511,38.97,280.09
2026-06-20,/,US,tablet,70,115,44.66,171.67
2026-06-20,/pricing,FR,desktop,219,405,53.63,190.07
2026-06-20,/pricing,FR,mobile,212,285,58.39,278.29
2026-06-20,/pricing,FR,tablet,45,54,54.07,295.48
2026-06-20,/pricing,EU,desktop,248,325,58.64,104.78
2026-06-20,/pricing,EU,mobile,212,354,34.94,122.14
2026-06-20,/pricing,EU,tablet,47,75,47.51,82.47
2026-06-20,/pricing,UK,desktop,208,347,58.27,75.71
2026-06-20,/pricing,UK,mobile,183,346,60.38,166.82
2026-06-20,/pricing,UK,tablet,47,92,40.47,74.98
2026-06-20,/pricing,US,desktop,253,505,33.15,240.59
2026-06-20,/pricing,US,mobile,190,393,56.85,91.02
2026-06-20,/pricing,US,tablet,39,80,51.18,126.90
2026-06-20,/product,FR,desktop,236,304,44.48,113.96
2026-06-20,/product,FR,mobile,245,304,54.22,154.25
2026-06-20,/product,FR,tablet,44,60,35.38,261.33
2026-06-20,/product,EU,desktop,248,486,57.83,168.00
2026-06-20,/product,EU,mobile,197,261,45.72,99.38
2026-06-20,/product,EU,tablet,48,73,29.95,91.87
2026-06-20,/product,UK,desktop,232,376,50.38,159.46
2026-06-20,/product,UK,mobile,222,414,38.09,144.54
2026-06-20,/product,UK,tablet,47,71,58.07,295.61
2026-06-20,/product,US,desktop,216,303,38.13,300.15
2026-06-20,/product,US,mobile,221,310,48.80,318.87
2026-06-20,/product,US,tablet,45,76,49.85,178.69
2026-06-20,/docs,FR,desktop,164,223,52.05,111.23
2026-06-20,/docs,FR,mobile,157,280,29.75,296.20
2026-06-20,/docs,FR,tablet,26,50,60.05,97.06
2026-06-20,/docs,EU,desktop,163,208,49.44,144.62
2026-06-20,/docs,EU,mobile,133,254,56.26,186.36
2026-06-20,/docs,EU,tablet,31,41,44.50,169.56
2026-06-20,/docs,UK,desktop,135,252,57.97,90.90
2026-06-20,/docs,UK,mobile,127,155,36.74,306.43
2026-06-20,/docs,UK,tablet,33,39,45.17,234.40
2026-06-20,/docs,US,desktop,153,189,34.01,88.18
2026-06-20,/docs,US,mobile,154,215,47.80,287.70
2026-06-20,/docs,US,tablet,28,37,45.13,149.37
2026-06-20,/blog/launch,FR,desktop,102,157,57.35,162.39
2026-06-20,/blog/launch,FR,mobile,108,151,56.83,112.25
2026-06-20,/blog/launch,FR,tablet,20,39,51.90,70.96
2026-06-20,/blog/launch,EU,desktop,127,228,30.61,241.70
2026-06-20,/blog/launch,EU,mobile,96,142,32.72,116.89
2026-06-20,/blog/launch,EU,tablet,19,22,28.81,312.09
2026-06-20,/blog/launch,UK,desktop,111,139,53.40,311.77
2026-06-20,/blog/launch,UK,mobile,105,219,58.92,241.64
2026-06-20,/blog/launch,UK,tablet,19,36,38.80,140.52
2026-06-20,/blog/launch,US,desktop,117,206,56.82,136.13
2026-06-20,/blog/launch,US,mobile,94,166,35.44,71.34
2026-06-20,/blog/launch,US,tablet,20,31,32.76,146.58
2026-06-20,/contact,FR,desktop,101,156,40.60,73.42
2026-06-20,/contact,FR,mobile,71,102,61.98,180.70
2026-06-20,/contact,FR,tablet,16,31,41.24,123.95
2026-06-20,/contact,EU,desktop,82,161,50.15,87.59
2026-06-20,/contact,EU,mobile,74,118,34.58,266.61
2026-06-20,/contact,EU,tablet,17,22,32.86,188.37
2026-06-20,/contact,UK,desktop,92,115,47.13,235.46
2026-06-20,/contact,UK,mobile,89,156,52.41,292.87
2026-06-20,/contact,UK,tablet,16,28,45.58,100.76
2026-06-20,/contact,US,desktop,95,173,34.30,130.09
2026-06-20,/contact,US,mobile,86,106,28.47,285.15
2026-06-20,/contact,US,tablet,14,18,59.20,274.46
2026-06-20,/signup,FR,desktop,122,244,38.48,143.74
2026-06-20,/signup,FR,mobile,134,270,51.71,153.29
2026-06-20,/signup,FR,tablet,26,45,45.39,266.41
2026-06-20,/signup,EU,desktop,147,185,32.27,130.91
2026-06-20,/signup,EU,mobile,117,241,47.90,202.84
2026-06-20,/signup,EU,tablet,25,44,43.98,134.19
2026-06-20,/signup,UK,desktop,144,290,49.41,153.46
2026-06-20,/signup,UK,mobile,131,168,51.61,203.52
2026-06-20,/signup,UK,tablet,24,48,43.28,302.80
2026-06-20,/signup,US,desktop,148,279,41.00,107.03
2026-06-20,/signup,US,mobile,110,196,58.23,61.32
2026-06-20,/signup,US,tablet,26,32,53.27,318.70
2026-06-21,/,FR,desktop,378,780,45.09,187.36
2026-06-21,/,FR,mobile,293,559,50.96,297.71
2026-06-21,/,FR,tablet,71,120,40.96,123.96
2026-06-21,/,EU,desktop,306,504,45.81,159.44
2026-06-21,/,EU,mobile,356,615,35.82,223.37
2026-06-21,/,EU,tablet,72,105,55.45,142.37
2026-06-21,/,UK,desktop,408,856,48.24,112.27
2026-06-21,/,UK,mobile,332,459,59.43,81.26
2026-06-21,/,UK,tablet,64,97,33.03,82.97
2026-06-21,/,US,desktop,383,613,33.74,145.45
2026-06-21,/,US,mobile,325,482,59.57,66.58
2026-06-21,/,US,tablet,68,138,55.54,96.96
2026-06-21,/pricing,FR,desktop,219,436,40.40,226.67
2026-06-21,/pricing,FR,mobile,174,356,50.10,293.45
2026-06-21,/pricing,FR,tablet,47,77,58.09,129.76
2026-06-21,/pricing,EU,desktop,255,482,34.48,203.74
2026-06-21,/pricing,EU,mobile,212,319,48.48,194.17
2026-06-21,/pricing,EU,tablet,36,49,34.96,249.76
2026-06-21,/pricing,UK,desktop,241,453,50.03,311.09
2026-06-21,/pricing,UK,mobile,214,286,52.78,155.01
2026-06-21,/pricing,UK,tablet,43,82,50.06,130.65
2026-06-21,/pricing,US,desktop,194,378,42.72,89.46
2026-06-21,/pricing,US,mobile,183,350,54.44,256.44
2026-06-21,/pricing,US,tablet,45,87,59.99,158.94
2026-06-21,/product,FR,desktop,252,380,30.18,128.53
2026-06-21,/product,FR,mobile,241,348,50.63,107.20
2026-06-21,/product,FR,tablet,47,65,46.51,93.42
2026-06-21,/product,EU,desktop,259,329,42.72,224.66
2026-06-21,/product,EU,mobile,198,345,32.16,267.98
2026-06-21,/product,EU,tablet,50,88,35.19,292.81
2026-06-21,/product,UK,desktop,241,393,28.39,227.89
2026-06-21,/product,UK,mobile,202,337,28.97,189.01
2026-06-21,/product,UK,tablet,46,87,43.50,307.17
2026-06-21,/product,US,desktop,234,297,50.69,163.85
2026-06-21,/product,US,mobile,185,386,44.47,290.43
2026-06-21,/product,US,tablet,47,80,45.27,148.55
2026-06-21,/docs,FR,desktop,143,247,31.08,112.09
2026-06-21,/docs,FR,mobile,149,190,29.48,202.87
2026-06-21,/docs,FR,tablet,26,43,42.03,217.25
2026-06-21,/docs,EU,desktop,166,215,32.73,62.31
2026-06-21,/docs,EU,mobile,151,247,40.29,187.75
2026-06-21,/docs,EU,tablet,30,41,31.56,89.37
2026-06-21,/docs,UK,desktop,170,307,38.04,263.37
2026-06-21,/docs,UK,mobile,141,256,29.73,188.38
2026-06-21,/docs,UK,tablet,27,55,36.30,284.99
2026-06-21,/docs,US,desktop,177,368,53.08,124.06
2026-06-21,/docs,US,mobile,123,220,59.41,143.02
2026-06-21,/docs,US,tablet,26,31,55.80,93.58
2026-06-21,/blog/launch,FR,desktop,125,241,47.34,114.48
2026-06-21,/blog/launch,FR,mobile,93,186,54.30,196.81
2026-06-21,/blog/launch,FR,tablet,18,28,39.48,248.87
2026-06-21,/blog/launch,EU,desktop,115,157,42.51,75.94
2026-06-21,/blog/launch,EU,mobile,88,143,40.29,131.89
2026-06-21,/blog/launch,EU,tablet,22,28,61.77,275.46
2026-06-21,/blog/launch,UK,desktop,109,224,42.95,298.62
2026-06-21,/blog/launch,UK,mobile,104,198,28.85,110.49
2026-06-21,/blog/launch,UK,tablet,18,22,60.16,263.53
2026-06-21,/blog/launch,US,desktop,117,239,35.00,195.05
2026-06-21,/blog/launch,US,mobile,100,125,41.22,224.24
2026-06-21,/blog/launch,US,tablet,21,36,49.89,161.59
2026-06-21,/contact,FR,desktop,86,147,57.65,62.07
2026-06-21,/contact,FR,mobile,79,158,59.53,175.21
2026-06-21,/contact,FR,tablet,18,36,57.03,162.12
2026-06-21,/contact,EU,desktop,78,138,43.38,256.58
2026-06-21,/contact,EU,mobile,67,109,36.83,212.60
2026-06-21,/contact,EU,tablet,14,27,56.87,275.87
2026-06-21,/contact,UK,desktop,81,99,32.23,210.04
2026-06-21,/contact,UK,mobile,86,137,41.60,135.54
2026-06-21,/contact,UK,tablet,15,22,60.37,228.02
2026-06-21,/contact,US,desktop,77,100,55.49,101.08
2026-06-21,/contact,US,mobile,88,135,49.75,281.57
2026-06-21,/contact,US,tablet,18,28,54.85,80.48
2026-06-21,/signup,FR,desktop,150,194,51.45,153.92
2026-06-21,/signup,FR,mobile,109,193,49.10,209.09
2026-06-21,/signup,FR,tablet,26,32,39.81,138.62
2026-06-21,/signup,EU,desktop,126,161,45.83,314.53
2026-06-21,/signup,EU,mobile,133,166,60.78,160.54
2026-06-21,/signup,EU,tablet,22,45,53.55,117.11
2026-06-21,/signup,UK,desktop,129,203,36.27,207.27
2026-06-21,/signup,UK,mobile,122,146,43.20,309.30
2026-06-21,/signup,UK,tablet,22,32,33.64,137.34
2026-06-21,/signup,US,desktop,142,280,52.13,94.51
2026-06-21,/signup,US,mobile,129,164,50.94,191.01
2026-06-21,/signup,US,tablet,28,34,57.44,247.02
2026-06-22,/,FR,desktop,457,685,28.25,186.86
2026-06-22,/,FR,mobile,454,796,39.00,228.21
2026-06-22,/,FR,tablet,85,143,28.20,234.53
2026-06-22,/,EU,desktop,486,1018,53.79,156.32
2026-06-22,/,EU,mobile,474,876,47.41,271.51
2026-06-22,/,EU,tablet,87,163,37.67,63.84
2026-06-22,/,UK,desktop,452,798,45.17,93.17
2026-06-22,/,UK,mobile,451,668,40.19,243.74
2026-06-22,/,UK,tablet,105,141,46.94,70.15
2026-06-22,/,US,desktop,504,979,48.71,226.42
2026-06-22,/,US,mobile,437,659,61.69,192.62
2026-06-22,/,US,tablet,91,161,56.18,309.38
2026-06-22,/pricing,FR,desktop,286,427,45.61,241.45
2026-06-22,/pricing,FR,mobile,317,593,59.51,166.23
2026-06-22,/pricing,FR,tablet,52,87,46.86,73.43
2026-06-22,/pricing,EU,desktop,334,607,33.28,299.32
2026-06-22,/pricing,EU,mobile,309,603,40.67,144.46
2026-06-22,/pricing,EU,tablet,52,68,57.26,87.18
2026-06-22,/pricing,UK,desktop,303,474,34.52,234.59
2026-06-22,/pricing,UK,mobile,293,527,37.12,237.32
2026-06-22,/pricing,UK,tablet,60,120,58.89,186.11
2026-06-22,/pricing,US,desktop,357,532,42.86,159.00
2026-06-22,/pricing,US,mobile,247,335,33.51,315.81
2026-06-22,/pricing,US,tablet,53,68,41.08,214.22
2026-06-22,/product,FR,desktop,350,672,38.75,272.97
2026-06-22,/product,FR,mobile,319,453,31.27,74.63
2026-06-22,/product,FR,tablet,72,97,37.11,199.50
2026-06-22,/product,EU,desktop,325,444,41.25,225.90
2026-06-22,/product,EU,mobile,270,554,46.54,172.42
2026-06-22,/product,EU,tablet,68,120,43.88,292.94
2026-06-22,/product,UK,desktop,344,414,52.74,72.36
2026-06-22,/product,UK,mobile,317,618,41.73,317.58
2026-06-22,/product,UK,tablet,70,98,34.85,249.32
2026-06-22,/product,US,desktop,384,593,61.20,105.93
2026-06-22,/product,US,mobile,279,419,60.73,128.50
2026-06-22,/product,US,tablet,74,133,50.42,304.18
2026-06-22,/docs,FR,desktop,215,348,28.41,77.95
2026-06-22,/docs,FR,mobile,203,272,60.51,83.61
2026-06-22,/docs,FR,tablet,44,54,39.52,232.73
2026-06-22,/docs,EU,desktop,256,493,40.25,215.96
2026-06-22,/docs,EU,mobile,187,261,44.30,96.52
2026-06-22,/docs,EU,tablet,36,70,46.15,313.83
2026-06-22,/docs,UK,desktop,204,357,39.84,172.90
2026-06-22,/docs,UK,mobile,175,240,39.53,111.39
2026-06-22,/docs,UK,tablet,37,59,35.58,130.64
2026-06-22,/docs,US,desktop,250,370,36.48,267.97
2026-06-22,/docs,US,mobile,220,265,50.52,169.45
2026-06-22,/docs,US,tablet,43,68,41.66,65.58
2026-06-22,/blog/launch,FR,desktop,163,230,44.42,307.50
2026-06-22,/blog/launch,FR,mobile,120,154,34.68,201.41
2026-06-22,/blog/launch,FR,tablet,26,42,50.83,99.56
2026-06-22,/blog/launch,EU,desktop,174,222,49.42,300.28
2026-06-22,/blog/launch,EU,mobile,126,264,45.53,117.27
2026-06-22,/blog/launch,EU,tablet,26,53,57.65,218.90
2026-06-22,/blog/launch,UK,desktop,158,257,60.76,268.64
2026-06-22,/blog/launch,UK,mobile,152,264,40.66,242.33
2026-06-22,/blog/launch,UK,tablet,28,44,47.51,225.25
2026-06-22,/blog/launch,US,desktop,159,318,36.39,71.15
2026-06-22,/blog/launch,US,mobile,138,262,59.20,169.44
2026-06-22,/blog/launch,US,tablet,25,41,36.21,208.82
2026-06-22,/contact,FR,desktop,133,254,49.27,230.64
2026-06-22,/contact,FR,mobile,108,156,51.78,115.52
2026-06-22,/contact,FR,tablet,21,25,45.27,105.00
2026-06-22,/contact,EU,desktop,121,200,44.12,281.17
2026-06-22,/contact,EU,mobile,116,232,50.91,267.15
2026-06-22,/contact,EU,tablet,22,36,58.19,274.74
2026-06-22,/contact,UK,desktop,133,176,41.28,69.37
2026-06-22,/contact,UK,mobile,109,140,52.89,125.09
2026-06-22,/contact,UK,tablet,24,34,38.08,253.29
2026-06-22,/contact,US,desktop,128,179,34.82,241.11
2026-06-22,/contact,US,mobile,121,163,60.03,275.07
2026-06-22,/contact,US,tablet,21,28,42.97,308.36
2026-06-22,/signup,FR,desktop,190,291,38.54,130.57
2026-06-22,/signup,FR,mobile,156,240,28.39,110.19
2026-06-22,/signup,FR,tablet,30,58,40.06,139.88
2026-06-22,/signup,EU,desktop,167,217,38.49,97.78
2026-06-22,/signup,EU,mobile,188,281,49.71,223.37
2026-06-22,/signup,EU,tablet,34,42,50.38,63.35
2026-06-22,/signup,UK,desktop,209,368,58.40,72.88
2026-06-22,/signup,UK,mobile,154,253,48.14,89.09
2026-06-22,/signup,UK,tablet,32,57,43.21,87.37
2026-06-22,/signup,US,desktop,164,290,34.67,163.33
2026-06-22,/signup,US,mobile,165,313,58.45,257.72
2026-06-22,/signup,US,tablet,37,57,29.15,313.37
2026-06-23,/,FR,desktop,436,747,53.01,161.47
2026-06-23,/,FR,mobile,488,838,30.92,112.37
2026-06-23,/,FR,tablet,109,170,60.24,316.21
2026-06-23,/,EU,desktop,542,826,53.04,258.51
2026-06-23,/,EU,mobile,499,964,55.94,175.17
2026-06-23,/,EU,tablet,90,172,59.98,91.65
2026-06-23,/,UK,desktop,532,818,29.43,173.81
2026-06-23,/,UK,mobile,511,689,30.71,166.07
2026-06-23,/,UK,tablet,87,177,34.09,214.66
2026-06-23,/,US,desktop,490,877,61.78,75.15
2026-06-23,/,US,mobile,388,615,55.53,205.41
2026-06-23,/,US,tablet,104,131,32.86,252.40
2026-06-23,/pricing,FR,desktop,297,411,53.44,159.33
2026-06-23,/pricing,FR,mobile,305,615,31.46,182.51
2026-06-23,/pricing,FR,tablet,62,90,37.54,91.88
2026-06-23,/pricing,EU,desktop,295,376,56.53,179.71
2026-06-23,/pricing,EU,mobile,285,372,55.13,67.40
2026-06-23,/pricing,EU,tablet,52,95,30.23,97.45
2026-06-23,/pricing,UK,desktop,358,705,60.49,115.75
2026-06-23,/pricing,UK,mobile,274,365,52.73,307.68
2026-06-23,/pricing,UK,tablet,51,103,46.22,120.26
2026-06-23,/pricing,US,desktop,306,402,49.54,137.53
2026-06-23,/pricing,US,mobile,297,511,39.77,74.79
2026-06-23,/pricing,US,tablet,55,76,30.31,142.57
2026-06-23,/product,FR,desktop,400,647,32.04,72.13
2026-06-23,/product,FR,mobile,266,350,50.55,288.70
2026-06-23,/product,FR,tablet,65,120,33.15,215.81
2026-06-23,/product,EU,desktop,379,560,41.05,238.79
2026-06-23,/product,EU,mobile,343,454,41.63,123.12
2026-06-23,/product,EU,tablet,72,146,41.40,301.86
2026-06-23,/product,UK,desktop,309,570,44.02,78.40
2026-06-23,/product,UK,mobile,300,472,58.52,93.86
2026-06-23,/product,UK,tablet,75,145,37.21,228.98
2026-06-23,/product,US,desktop,348,505,43.35,145.30
2026-06-23,/product,US,mobile,277,433,60.15,153.15
2026-06-23,/product,US,tablet,64,108,40.83,251.66
2026-06-23,/docs,FR,desktop,206,409,30.33,164.45
2026-06-23,/docs,FR,mobile,172,236,43.39,209.60
2026-06-23,/docs,FR,tablet,46,87,42.08,266.47
2026-06-23,/docs,EU,desktop,246,491,61.33,212.12
2026-06-23,/docs,EU,mobile,187,325,35.40,204.50
2026-06-23,/docs,EU,tablet,44,68,51.48,91.38
2026-06-23,/docs,UK,desktop,198,345,41.27,207.72
2026-06-23,/docs,UK,mobile,170,295,49.83,116.68
2026-06-23,/docs,UK,tablet,42,69,37.32,234.31
2026-06-23,/docs,US,desktop,234,359,41.13,166.31
2026-06-23,/docs,US,mobile,197,327,40.93,102.70
2026-06-23,/docs,US,tablet,38,49,28.49,255.69
2026-06-23,/blog/launch,FR,desktop,157,255,54.77,104.99
2026-06-23,/blog/launch,FR,mobile,145,214,36.32,142.84
2026-06-23,/blog/launch,FR,tablet,33,68,45.53,185.21
2026-06-23,/blog/launch,EU,desktop,163,203,32.50,209.34
2026-06-23,/blog/launch,EU,mobile,120,180,48.29,256.47
2026-06-23,/blog/launch,EU,tablet,29,40,46.75,259.10
2026-06-23,/blog/launch,UK,desktop,145,266,33.47,134.06
2026-06-23,/blog/launch,UK,mobile,135,194,46.26,259.84
2026-06-23,/blog/launch,UK,tablet,26,50,31.39,249.88
2026-06-23,/blog/launch,US,desktop,166,332,56.94,296.35
2026-06-23,/blog/launch,US,mobile,119,211,60.22,102.34
2026-06-23,/blog/launch,US,tablet,31,63,42.13,219.98
2026-06-23,/contact,FR,desktop,121,147,48.66,110.97
2026-06-23,/contact,FR,mobile,117,145,53.71,101.43
2026-06-23,/contact,FR,tablet,20,36,33.73,111.96
2026-06-23,/contact,EU,desktop,146,306,61.59,79.91
2026-06-23,/contact,EU,mobile,108,143,35.55,200.77
2026-06-23,/contact,EU,tablet,25,41,59.25,239.94
2026-06-23,/contact,UK,desktop,120,152,30.05,206.25
2026-06-23,/contact,UK,mobile,106,217,35.63,286.88
2026-06-23,/contact,UK,tablet,23,44,45.31,244.41
2026-06-23,/contact,US,desktop,112,189,29.45,307.75
2026-06-23,/contact,US,mobile,96,198,57.03,85.42
2026-06-23,/contact,US,tablet,24,39,39.41,214.73
2026-06-23,/signup,FR,desktop,169,322,29.28,86.28
2026-06-23,/signup,FR,mobile,167,212,30.78,253.42
2026-06-23,/signup,FR,tablet,37,62,44.60,205.76
2026-06-23,/signup,EU,desktop,171,335,45.47,146.74
2026-06-23,/signup,EU,mobile,184,302,50.31,127.74
2026-06-23,/signup,EU,tablet,41,66,57.44,68.55
2026-06-23,/signup,UK,desktop,199,308,34.75,125.73
2026-06-23,/signup,UK,mobile,143,206,37.78,106.39
2026-06-23,/signup,UK,tablet,33,53,42.34,137.40
2026-06-23,/signup,US,desktop,169,339,32.14,103.18
2026-06-23,/signup,US,mobile,192,365,61.86,255.33
2026-06-23,/signup,US,tablet,38,50,29.24,244.91
2026-06-24,/,FR,desktop,547,899,61.39,177.39
2026-06-24,/,FR,mobile,472,876,32.67,249.75
2026-06-24,/,FR,tablet,96,190,53.94,97.03
2026-06-24,/,EU,desktop,472,612,45.12,137.80
2026-06-24,/,EU,mobile,429,795,31.29,297.60
2026-06-24,/,EU,tablet,102,190,58.62,305.66
2026-06-24,/,UK,desktop,553,780,29.42,221.03
2026-06-24,/,UK,mobile,405,810,44.87,236.26
2026-06-24,/,UK,tablet,84,135,55.86,150.12
2026-06-24,/,US,desktop,482,793,61.15,128.69
2026-06-24,/,US,mobile,412,770,43.15,154.63
2026-06-24,/,US,tablet,85,146,59.12,193.44
2026-06-24,/pricing,FR,desktop,364,671,53.60,188.46
2026-06-24,/pricing,FR,mobile,306,569,45.39,151.98
2026-06-24,/pricing,FR,tablet,62,80,54.08,178.11
2026-06-24,/pricing,EU,desktop,315,400,61.52,128.22
2026-06-24,/pricing,EU,mobile,296,540,54.65,318.46
2026-06-24,/pricing,EU,tablet,61,118,47.74,281.81
2026-06-24,/pricing,UK,desktop,279,336,60.94,162.56
2026-06-24,/pricing,UK,mobile,263,464,31.38,300.74
2026-06-24,/pricing,UK,tablet,61,127,39.17,282.17
2026-06-24,/pricing,US,desktop,323,539,37.54,158.06
2026-06-24,/pricing,US,mobile,285,595,49.91,115.06
2026-06-24,/pricing,US,tablet,64,82,38.80,212.87
2026-06-24,/product,FR,desktop,376,720,35.81,109.49
2026-06-24,/product,FR,mobile,281,406,32.22,222.86
2026-06-24,/product,FR,tablet,59,104,58.59,275.78
2026-06-24,/product,EU,desktop,310,647,37.51,198.79
2026-06-24,/product,EU,mobile,330,470,54.95,103.44
2026-06-24,/product,EU,tablet,67,119,36.14,239.89
2026-06-24,/product,UK,desktop,315,560,28.30,138.67
2026-06-24,/product,UK,mobile,302,505,38.48,118.43
2026-06-24,/product,UK,tablet,68,98,51.45,205.04
2026-06-24,/product,US,desktop,340,695,32.01,223.82
2026-06-24,/product,US,mobile,345,612,30.71,246.76
2026-06-24,/product,US,tablet,73,135,31.98,175.72
2026-06-24,/docs,FR,desktop,228,389,46.19,277.01
2026-06-24,/docs,FR,mobile,200,303,38.24,314.38
2026-06-24,/docs,FR,tablet,45,61,34.59,228.17
2026-06-24,/docs,EU,desktop,212,424,34.72,267.33
2026-06-24,/docs,EU,mobile,192,306,49.85,168.72
2026-06-24,/docs,EU,tablet,36,49,59.75,222.00
2026-06-24,/docs,UK,desktop,207,279,33.16,68.29
2026-06-24,/docs,UK,mobile,203,320,55.53,208.38
2026-06-24,/docs,UK,tablet,46,88,35.48,194.80
2026-06-24,/docs,US,desktop,215,263,40.13,257.48
2026-06-24,/docs,US,mobile,193,351,56.28,200.32
2026-06-24,/docs,US,tablet,39,72,51.33,93.58
2026-06-24,/blog/launch,FR,desktop,170,278,46.88,135.14
2026-06-24,/blog/launch,FR,mobile,121,253,54.99,232.95
2026-06-24,/blog/launch,FR,tablet,28,34,49.76,109.92
2026-06-24,/blog/launch,EU,desktop,145,198,36.70,311.67
2026-06-24,/blog/launch,EU,mobile,144,248,52.96,148.41
2026-06-24,/blog/launch,EU,tablet,29,55,43.62,160.29
2026-06-24,/blog/launch,UK,desktop,183,238,46.99,165.43
2026-06-24,/blog/launch,UK,mobile,121,172,53.24,283.66
2026-06-24,/blog/launch,UK,tablet,27,41,56.03,301.47
2026-06-24,/blog/launch,US,desktop,155,287,44.12,80.30
2026-06-24,/blog/launch,US,mobile,135,265,41.86,60.45
2026-06-24,/blog/launch,US,tablet,34,55,33.09,272.38
2026-06-24,/contact,FR,desktop,125,227,52.91,292.82
2026-06-24,/contact,FR,mobile,104,131,53.01,208.83
2026-06-24,/contact,FR,tablet,20,39,42.74,60.66
2026-06-24,/contact,EU,desktop,143,252,29.94,198.69
2026-06-24,/contact,EU,mobile,121,229,58.33,109.81
2026-06-24,/contact,EU,tablet,25,45,41.11,258.36
2026-06-24,/contact,UK,desktop,123,151,59.34,311.00
2026-06-24,/contact,UK,mobile,118,199,45.20,242.67
2026-06-24,/contact,UK,tablet,24,39,32.03,71.92
2026-06-24,/contact,US,desktop,121,180,37.24,114.17
2026-06-24,/contact,US,mobile,111,196,44.33,121.35
2026-06-24,/contact,US,tablet,21,31,36.58,81.67
2026-06-24,/signup,FR,desktop,183,317,47.34,96.28
2026-06-24,/signup,FR,mobile,148,288,51.90,269.08
2026-06-24,/signup,FR,tablet,36,75,60.97,67.12
2026-06-24,/signup,EU,desktop,177,234,57.24,292.65
2026-06-24,/signup,EU,mobile,143,205,55.79,286.98
2026-06-24,/signup,EU,tablet,36,66,48.94,73.44
2026-06-24,/signup,UK,desktop,196,391,57.93,307.65
2026-06-24,/signup,UK,mobile,184,274,44.29,267.08
2026-06-24,/signup,UK,tablet,32,46,50.10,156.45
2026-06-24,/signup,US,desktop,192,273,53.34,185.47
2026-06-24,/signup,US,mobile,181,292,51.84,136.83
2026-06-24,/signup,US,tablet,38,60,35.93,203.49
2026-06-25,/,FR,desktop,485,647,28.27,273.49
2026-06-25,/,FR,mobile,424,734,41.53,308.26
2026-06-25,/,FR,tablet,86,153,33.45,264.92
2026-06-25,/,EU,desktop,487,774,34.39,179.31
2026-06-25,/,EU,mobile,390,578,28.23,88.03
2026-06-25,/,EU,tablet,86,163,28.09,135.56
2026-06-25,/,UK,desktop,481,808,33.89,153.10
2026-06-25,/,UK,mobile,496,826,41.73,275.68
2026-06-25,/,UK,tablet,106,142,34.86,209.43
2026-06-25,/,US,desktop,496,736,57.45,224.53
2026-06-25,/,US,mobile,403,517,55.32,105.25
2026-06-25,/,US,tablet,107,158,32.26,117.11
2026-06-25,/pricing,FR,desktop,317,385,42.97,270.01
2026-06-25,/pricing,FR,mobile,240,301,34.10,224.06
2026-06-25,/pricing,FR,tablet,66,106,52.07,85.15
2026-06-25,/pricing,EU,desktop,309,572,54.89,289.28
2026-06-25,/pricing,EU,mobile,245,404,60.08,83.08
2026-06-25,/pricing,EU,tablet,64,92,44.42,280.65
2026-06-25,/pricing,UK,desktop,343,673,52.68,295.42
2026-06-25,/pricing,UK,mobile,317,398,40.11,121.04
2026-06-25,/pricing,UK,tablet,60,80,45.05,246.05
2026-06-25,/pricing,US,desktop,352,677,34.73,93.74
2026-06-25,/pricing,US,mobile,259,520,45.99,264.57
2026-06-25,/pricing,US,tablet,52,80,34.99,134.15
2026-06-25,/product,FR,desktop,314,528,48.71,247.35
2026-06-25,/product,FR,mobile,269,358,34.46,185.55
2026-06-25,/product,FR,tablet,71,122,38.21,236.28
2026-06-25,/product,EU,desktop,323,488,52.01,229.24
2026-06-25,/product,EU,mobile,301,564,48.11,94.53
2026-06-25,/product,EU,tablet,70,100,55.21,167.13
2026-06-25,/product,UK,desktop,323,623,31.03,79.25
2026-06-25,/product,UK,mobile,350,519,59.82,128.87
2026-06-25,/product,UK,tablet,70,124,47.65,132.37
2026-06-25,/product,US,desktop,348,572,47.12,175.35
2026-06-25,/product,US,mobile,264,347,53.87,208.52
2026-06-25,/product,US,tablet,66,103,39.20,91.46
2026-06-25,/docs,FR,desktop,223,378,40.49,64.91
2026-06-25,/docs,FR,mobile,214,278,28.01,269.16
2026-06-25,/docs,FR,tablet,46,57,35.44,80.73
2026-06-25,/docs,EU,desktop,253,455,58.45,261.77
2026-06-25,/docs,EU,mobile,221,272,42.46,253.20
2026-06-25,/docs,EU,tablet,41,83,44.12,78.96
2026-06-25,/docs,UK,desktop,222,405,33.16,108.32
2026-06-25,/docs,UK,mobile,177,361,60.93,103.15
2026-06-25,/docs,UK,tablet,44,54,59.90,179.76
2026-06-25,/docs,US,desktop,232,424,52.07,160.40
2026-06-25,/docs,US,mobile,210,277,31.45,112.19
2026-06-25,/docs,US,tablet,37,50,36.59,243.89
2026-06-25,/blog/launch,FR,desktop,173,272,55.84,274.92
2026-06-25,/blog/launch,FR,mobile,124,249,45.86,108.54
2026-06-25,/blog/launch,FR,tablet,26,40,32.88,131.66
2026-06-25,/blog/launch,EU,desktop,173,282,33.73,129.02
2026-06-25,/blog/launch,EU,mobile,126,215,58.87,249.46
2026-06-25,/blog/launch,EU,tablet,26,45,44.14,268.27
2026-06-25,/blog/launch,UK,desktop,143,228,39.64,197.60
2026-06-25,/blog/launch,UK,mobile,154,247,37.62,238.83
2026-06-25,/blog/launch,UK,tablet,28,50,34.75,180.39
2026-06-25,/blog/launch,US,desktop,158,218,45.74,136.62
2026-06-25,/blog/launch,US,mobile,121,228,42.61,153.57
2026-06-25,/blog/launch,US,tablet,28,51,46.40,122.86
2026-06-25,/contact,FR,desktop,142,265,44.27,94.08
2026-06-25,/contact,FR,mobile,124,209,52.58,315.93
2026-06-25,/contact,FR,tablet,23,41,52.03,295.81
2026-06-25,/contact,EU,desktop,127,190,55.46,76.66
2026-06-25,/contact,EU,mobile,113,151,42.48,91.35
2026-06-25,/contact,EU,tablet,20,35,54.55,121.02
2026-06-25,/contact,UK,desktop,122,149,60.15,227.15
2026-06-25,/contact,UK,mobile,109,198,33.38,261.01
2026-06-25,/contact,UK,tablet,23,31,28.77,308.40
2026-06-25,/contact,US,desktop,117,228,54.38,316.30
2026-06-25,/contact,US,mobile,115,190,61.45,79.18
2026-06-25,/contact,US,tablet,25,44,40.94,279.64
2026-06-25,/signup,FR,desktop,166,233,40.06,312.65
2026-06-25,/signup,FR,mobile,164,313,45.45,210.29
2026-06-25,/signup,FR,tablet,33,43,38.12,273.22
2026-06-25,/signup,EU,desktop,190,369,47.12,86.46
2026-06-25,/signup,EU,mobile,167,247,51.44,135.76
2026-06-25,/signup,EU,tablet,32,46,44.15,262.85
2026-06-25,/signup,UK,desktop,220,393,47.67,254.18
2026-06-25,/signup,UK,mobile,180,355,40.33,118.13
2026-06-25,/signup,UK,tablet,36,47,44.14,86.56
2026-06-25,/signup,US,desktop,177,212,30.11,157.08
2026-06-25,/signup,US,mobile,154,247,61.10,264.90
2026-06-25,/signup,US,tablet,33,65,33.21,248.64
2026-06-26,/,FR,desktop,456,780,44.06,155.14
2026-06-26,/,FR,mobile,428,647,28.61,140.60
2026-06-26,/,FR,tablet,105,136,38.70,258.04
2026-06-26,/,EU,desktop,534,1020,28.96,132.76
2026-06-26,/,EU,mobile,489,983,29.35,164.02
2026-06-26,/,EU,tablet,105,215,61.68,106.59
2026-06-26,/,UK,desktop,478,685,60.99,118.93
2026-06-26,/,UK,mobile,462,634,46.87,61.88
2026-06-26,/,UK,tablet,106,184,38.19,163.58
2026-06-26,/,US,desktop,570,835,29.51,306.46
2026-06-26,/,US,mobile,510,1034,38.00,60.53
2026-06-26,/,US,tablet,89,179,61.93,128.82
2026-06-26,/pricing,FR,desktop,350,704,57.19,187.02
2026-06-26,/pricing,FR,mobile,302,494,44.47,99.14
2026-06-26,/pricing,FR,tablet,60,94,38.05,299.26
2026-06-26,/pricing,EU,desktop,321,406,38.07,210.17
2026-06-26,/pricing,EU,mobile,295,471,37.18,105.46
2026-06-26,/pricing,EU,tablet,51,72,58.63,111.49
2026-06-26,/pricing,UK,desktop,306,628,48.03,204.62
2026-06-26,/pricing,UK,mobile,318,473,35.80,96.49
2026-06-26,/pricing,UK,tablet,62,101,39.03,173.50
2026-06-26,/pricing,US,desktop,342,685,50.28,218.88
2026-06-26,/pricing,US,mobile,301,408,59.32,149.22
2026-06-26,/pricing,US,tablet,55,112,36.73,88.47
2026-06-26,/product,FR,desktop,383,647,40.24,254.22
2026-06-26,/product,FR,mobile,328,440,47.28,111.15
2026-06-26,/product,FR,tablet,63,100,36.25,235.10
2026-06-26,/product,EU,desktop,365,707,50.09,157.84
2026-06-26,/product,EU,mobile,302,497,28.35,301.30
2026-06-26,/product,EU,tablet,62,83,57.58,185.50
2026-06-26,/product,UK,desktop,336,594,61.38,216.97
2026-06-26,/product,UK,mobile,263,368,37.96,254.33
2026-06-26,/product,UK,tablet,70,120,58.18,135.09
2026-06-26,/product,US,desktop,359,513,29.76,138.31
2026-06-26,/product,US,mobile,271,435,51.53,167.94
2026-06-26,/product,US,tablet,65,99,57.95,61.38
2026-06-26,/docs,FR,desktop,211,367,37.00,238.19
2026-06-26,/docs,FR,mobile,170,221,32.34,208.74
2026-06-26,/docs,FR,tablet,40,59,46.93,125.12
2026-06-26,/docs,EU,desktop,191,352,40.75,182.86
2026-06-26,/docs,EU,mobile,183,329,28.60,239.71
2026-06-26,/docs,EU,tablet,43,68,57.94,232.28
2026-06-26,/docs,UK,desktop,249,397,38.02,272.72
2026-06-26,/docs,UK,mobile,216,343,38.63,82.25
2026-06-26,/docs,UK,tablet,38,70,48.17,286.10
2026-06-26,/docs,US,desktop,219,299,35.43,80.25
2026-06-26,/docs,US,mobile,173,232,46.98,227.15
2026-06-26,/docs,US,tablet,45,75,45.31,258.90
2026-06-26,/blog/launch,FR,desktop,149,233,49.23,178.82
2026-06-26,/blog/launch,FR,mobile,136,238,28.15,172.19
2026-06-26,/blog/launch,FR,tablet,26,39,53.17,145.70
2026-06-26,/blog/launch,EU,desktop,148,206,56.06,187.91
2026-06-26,/blog/launch,EU,mobile,130,200,44.94,287.99
2026-06-26,/blog/launch,EU,tablet,34,66,59.10,268.99
2026-06-26,/blog/launch,UK,desktop,166,292,33.91,295.99
2026-06-26,/blog/launch,UK,mobile,160,226,38.25,319.34
2026-06-26,/blog/launch,UK,tablet,33,62,32.92,196.17
2026-06-26,/blog/launch,US,desktop,152,248,46.86,124.48
2026-06-26,/blog/launch,US,mobile,145,187,54.90,211.30
2026-06-26,/blog/launch,US,tablet,31,42,49.28,317.88
2026-06-26,/contact,FR,desktop,109,204,33.37,158.70
2026-06-26,/contact,FR,mobile,119,226,60.79,177.22
2026-06-26,/contact,FR,tablet,24,34,50.36,308.45
2026-06-26,/contact,EU,desktop,132,221,32.29,198.40
2026-06-26,/contact,EU,mobile,99,178,34.25,276.57
2026-06-26,/contact,EU,tablet,26,36,33.52,283.78
2026-06-26,/contact,UK,desktop,138,277,30.64,293.75
2026-06-26,/contact,UK,mobile,102,189,52.70,194.91
2026-06-26,/contact,UK,tablet,22,43,31.85,202.57
2026-06-26,/contact,US,desktop,115,141,51.65,133.18
2026-06-26,/contact,US,mobile,95,158,44.83,220.08
2026-06-26,/contact,US,tablet,20,24,60.22,250.57
2026-06-26,/signup,FR,desktop,202,368,29.96,165.08
2026-06-26,/signup,FR,mobile,154,187,29.05,139.39
2026-06-26,/signup,FR,tablet,34,66,59.23,166.45
2026-06-26,/signup,EU,desktop,179,365,41.72,217.11
2026-06-26,/signup,EU,mobile,163,275,58.52,124.73
2026-06-26,/signup,EU,tablet,38,63,28.31,172.57
2026-06-26,/signup,UK,desktop,198,280,47.52,254.80
2026-06-26,/signup,UK,mobile,185,282,29.76,112.29
2026-06-26,/signup,UK,tablet,41,78,50.43,295.22
2026-06-26,/signup,US,desktop,180,371,45.46,305.06
2026-06-26,/signup,US,mobile,154,217,28.50,184.54
2026-06-26,/signup,US,tablet,35,72,41.68,87.33
2026-06-27,/,FR,desktop,310,464,28.15,302.11
2026-06-27,/,FR,mobile,335,466,40.44,239.64
2026-06-27,/,FR,tablet,67,104,58.20,290.34
2026-06-27,/,EU,desktop,312,545,51.38,290.78
2026-06-27,/,EU,mobile,327,502,61.06,187.21
2026-06-27,/,EU,tablet,66,81,36.66,143.22
2026-06-27,/,UK,desktop,305,390,34.01,261.09
2026-06-27,/,UK,mobile,328,492,61.88,165.04
2026-06-27,/,UK,tablet,58,93,48.40,130.39
2026-06-27,/,US,desktop,380,783,60.07,76.62
2026-06-27,/,US,mobile,344,503,58.93,200.65
2026-06-27,/,US,tablet,58,87,44.61,207.98
2026-06-27,/pricing,FR,desktop,212,263,42.30,68.50
2026-06-27,/pricing,FR,mobile,180,287,60.40,81.77
2026-06-27,/pricing,FR,tablet,37,62,34.14,125.54
2026-06-27,/pricing,EU,desktop,201,246,38.82,288.56
2026-06-27,/pricing,EU,mobile,177,325,33.52,62.27
2026-06-27,/pricing,EU,tablet,43,86,36.58,251.85
2026-06-27,/pricing,UK,desktop,220,436,44.19,246.50
2026-06-27,/pricing,UK,mobile,219,319,36.70,108.09
2026-06-27,/pricing,UK,tablet,37,72,33.32,214.51
2026-06-27,/pricing,US,desktop,194,243,32.41,316.93
2026-06-27,/pricing,US,mobile,196,361,60.88,169.36
2026-06-27,/pricing,US,tablet,44,79,40.66,292.25
2026-06-27,/product,FR,desktop,270,563,59.64,188.17
2026-06-27,/product,FR,mobile,203,278,49.31,285.66
2026-06-27,/product,FR,tablet,41,71,38.83,135.17
2026-06-27,/product,EU,desktop,262,353,59.51,144.06
2026-06-27,/product,EU,mobile,194,362,60.42,90.97
2026-06-27,/product,EU,tablet,49,100,60.00,211.54
2026-06-27,/product,UK,desktop,241,498,57.24,162.85
2026-06-27,/product,UK,mobile,207,249,53.39,226.86
2026-06-27,/product,UK,tablet,46,56,58.88,111.27
2026-06-27,/product,US,desktop,238,356,41.85,195.86
2026-06-27,/product,US,mobile,188,351,42.61,247.72
2026-06-27,/product,US,tablet,39,53,29.35,285.34
2026-06-27,/docs,FR,desktop,162,331,61.43,206.22
2026-06-27,/docs,FR,mobile,128,213,31.14,167.16
2026-06-27,/docs,FR,tablet,31,53,39.75,259.77
2026-06-27,/docs,EU,desktop,175,264,41.93,162.87
2026-06-27,/docs,EU,mobile,124,225,46.79,102.60
2026-06-27,/docs,EU,tablet,27,37,35.07,283.68
2026-06-27,/docs,UK,desktop,154,269,43.70,318.30
2026-06-27,/docs,UK,mobile,147,270,53.98,249.13
2026-06-27,/docs,UK,tablet,27,42,51.75,162.66
2026-06-27,/docs,US,desktop,176,324,61.42,68.19
2026-06-27,/docs,US,mobile,139,285,53.83,73.81
2026-06-27,/docs,US,tablet,30,56,39.82,172.51
2026-06-27,/blog/launch,FR,desktop,108,146,37.98,199.43
2026-06-27,/blog/launch,FR,mobile,101,164,59.90,61.41
2026-06-27,/blog/launch,FR,tablet,19,35,56.12,220.37
2026-06-27,/blog/launch,EU,desktop,121,184,57.61,160.90
2026-06-27,/blog/launch,EU,mobile,94,153,39.65,153.17
2026-06-27,/blog/launch,EU,tablet,22,41,41.93,208.90
2026-06-27,/blog/launch,UK,desktop,116,232,54.41,185.51
2026-06-27,/blog/launch,UK,mobile,93,182,45.88,230.94
2026-06-27,/blog/launch,UK,tablet,22,28,56.84,103.83
2026-06-27,/blog/launch,US,desktop,125,222,30.81,116.79
2026-06-27,/blog/launch,US,mobile,101,174,44.20,255.89
2026-06-27,/blog/launch,US,tablet,24,29,47.51,293.24
2026-06-27,/contact,FR,desktop,83,127,61.13,204.17
2026-06-27,/contact,FR,mobile,68,105,30.40,154.72
2026-06-27,/contact,FR,tablet,17,32,36.08,167.36
2026-06-27,/contact,EU,desktop,98,170,51.13,172.04
2026-06-27,/contact,EU,mobile,89,150,54.42,63.59
2026-06-27,/contact,EU,tablet,16,23,31.70,191.14
2026-06-27,/contact,UK,desktop,76,140,31.21,306.46
2026-06-27,/contact,UK,mobile,89,178,36.02,285.82
2026-06-27,/contact,UK,tablet,16,28,33.01,91.95
2026-06-27,/contact,US,desktop,93,124,36.94,75.62
2026-06-27,/contact,US,mobile,67,115,33.70,277.28
2026-06-27,/contact,US,tablet,14,22,60.65,84.77
2026-06-27,/signup,FR,desktop,141,221,57.20,218.86
2026-06-27,/signup,FR,mobile,114,228,28.40,176.45
2026-06-27,/signup,FR,tablet,22,28,34.67,272.87
2026-06-27,/signup,EU,desktop,148,239,32.03,101.57
2026-06-27,/signup,EU,mobile,128,205,45.76,211.37
2026-06-27,/signup,EU,tablet,28,36,49.67,282.92
2026-06-27,/signup,UK,desktop,145,302,38.23,318.26
2026-06-27,/signup,UK,mobile,115,235,38.48,274.93
2026-06-27,/signup,UK,tablet,21,35,34.62,181.41
2026-06-27,/signup,US,desktop,128,206,30.91,246.53
2026-06-27,/signup,US,mobile,122,187,32.81,255.52
2026-06-27,/signup,US,tablet,28,42,44.92,302.98
2026-06-28,/,FR,desktop,394,588,58.01,70.66
2026-06-28,/,FR,mobile,335,485,48.71,134.20
2026-06-28,/,FR,tablet,74,103,37.50,304.31
2026-06-28,/,EU,desktop,398,686,51.71,74.46
2026-06-28,/,EU,mobile,310,442,54.36,221.15
2026-06-28,/,EU,tablet,61,82,30.89,150.00
2026-06-28,/,UK,desktop,397,491,46.89,127.19
2026-06-28,/,UK,mobile,277,366,31.89,218.38
2026-06-28,/,UK,tablet,69,139,39.45,310.15
2026-06-28,/,US,desktop,366,733,52.98,134.56
2026-06-28,/,US,mobile,315,399,28.38,167.07
2026-06-28,/,US,tablet,63,122,34.33,277.98
2026-06-28,/pricing,FR,desktop,251,318,41.42,258.66
2026-06-28,/pricing,FR,mobile,200,273,41.38,268.69
2026-06-28,/pricing,FR,tablet,45,63,42.89,181.04
2026-06-28,/pricing,EU,desktop,198,253,28.96,157.76
2026-06-28,/pricing,EU,mobile,176,239,45.20,289.05
2026-06-28,/pricing,EU,tablet,37,67,54.17,291.15
2026-06-28,/pricing,UK,desktop,241,381,51.10,72.03
2026-06-28,/pricing,UK,mobile,220,364,53.61,138.29
2026-06-28,/pricing,UK,tablet,44,77,50.01,284.89
2026-06-28,/pricing,US,desktop,251,323,28.98,100.19
2026-06-28,/pricing,US,mobile,219,378,35.02,162.37
2026-06-28,/pricing,US,tablet,47,56,56.15,140.62
2026-06-28,/product,FR,desktop,255,475,53.19,122.17
2026-06-28,/product,FR,mobile,242,386,43.36,263.00
2026-06-28,/product,FR,tablet,40,67,47.14,174.10
2026-06-28,/product,EU,desktop,271,343,56.29,108.16
2026-06-28,/product,EU,mobile,211,358,58.79,151.64
2026-06-28,/product,EU,tablet,46,62,29.11,170.24
2026-06-28,/product,UK,desktop,239,460,32.35,98.29
2026-06-28,/product,UK,mobile,184,331,56.49,237.15
2026-06-28,/product,UK,tablet,53,64,56.07,275.97
2026-06-28,/product,US,desktop,239,447,38.01,219.95
2026-06-28,/product,US,mobile,241,407,54.71,303.33
2026-06-28,/product,US,tablet,50,66,48.03,274.15
2026-06-28,/docs,FR,desktop,135,235,40.29,62.90
2026-06-28,/docs,FR,mobile,118,164,30.20,147.96
2026-06-28,/docs,FR,tablet,26,44,34.83,152.25
2026-06-28,/docs,EU,desktop,173,279,44.81,62.74
2026-06-28,/docs,EU,mobile,129,253,59.18,257.84
2026-06-28,/docs,EU,tablet,32,52,31.83,128.04
2026-06-28,/docs,UK,desktop,178,349,36.64,260.71
2026-06-28,/docs,UK,mobile,142,233,30.06,232.22
2026-06-28,/docs,UK,tablet,33,66,44.11,297.89
2026-06-28,/docs,US,desktop,170,240,28.20,164.72
2026-06-28,/docs,US,mobile,157,247,56.23,84.09
2026-06-28,/docs,US,tablet,28,38,30.84,138.64
2026-06-28,/blog/launch,FR,desktop,103,205,54.69,206.20
2026-06-28,/blog/launch,FR,mobile,101,183,39.79,66.65
2026-06-28,/blog/launch,FR,tablet,22,27,43.80,84.48
2026-06-28,/blog/launch,EU,desktop,124,231,57.35,177.35
2026-06-28,/blog/launch,EU,mobile,110,141,42.92,192.49
2026-06-28,/blog/launch,EU,tablet,22,28,49.83,264.64
2026-06-28,/blog/launch,UK,desktop,113,209,31.19,231.17
2026-06-28,/blog/launch,UK,mobile,107,169,28.19,72.88
2026-06-28,/blog/launch,UK,tablet,20,32,40.40,79.48
2026-06-28,/blog/launch,US,desktop,105,148,28.37,273.10
2026-06-28,/blog/launch,US,mobile,108,175,30.17,70.40
2026-06-28,/blog/launch,US,tablet,19,26,39.93,96.19
2026-06-28,/contact,FR,desktop,102,183,46.57,299.51
2026-06-28,/contact,FR,mobile,79,150,39.57,222.60
2026-06-28,/contact,FR,tablet,16,23,52.76,248.67
2026-06-28,/contact,EU,desktop,80,115,48.69,303.16
2026-06-28,/contact,EU,mobile,82,134,52.63,242.09
2026-06-28,/contact,EU,tablet,15,23,43.39,226.40
2026-06-28,/contact,UK,desktop,83,137,51.70,173.31
2026-06-28,/contact,UK,mobile,66,91,54.54,232.85
2026-06-28,/contact,UK,tablet,16,24,30.11,177.08
2026-06-28,/contact,US,desktop,94,181,33.68,201.99
2026-06-28,/contact,US,mobile,87,164,52.62,108.63
2026-06-28,/contact,US,tablet,16,26,40.92,111.53
2026-06-28,/signup,FR,desktop,118,194,49.77,87.11
2026-06-28,/signup,FR,mobile,130,225,47.17,267.99
2026-06-28,/signup,FR,tablet,26,43,39.04,159.72
2026-06-28,/signup,EU,desktop,132,162,43.32,82.66
2026-06-28,/signup,EU,mobile,129,245,53.73,190.91
2026-06-28,/signup,EU,tablet,21,29,33.93,89.63
2026-06-28,/signup,UK,desktop,120,174,42.45,312.13
2026-06-28,/signup,UK,mobile,125,177,38.48,256.44
2026-06-28,/signup,UK,tablet,27,37,45.86,207.41
2026-06-28,/signup,US,desktop,146,251,44.68,179.00
2026-06-28,/signup,US,mobile,115,167,42.04,81.57
2026-06-28,/signup,US,tablet,25,45,53.84,189.16
2026-06-29,/,FR,desktop,449,686,55.37,240.25
2026-06-29,/,FR,mobile,413,671,55.19,216.98
2026-06-29,/,FR,tablet,83,130,38.73,266.69
2026-06-29,/,EU,desktop,508,1021,37.64,290.17
2026-06-29,/,EU,mobile,455,954,41.44,160.27
2026-06-29,/,EU,tablet,87,118,54.65,190.77
2026-06-29,/,UK,desktop,572,982,42.06,175.66
2026-06-29,/,UK,mobile,430,833,44.89,298.06
2026-06-29,/,UK,tablet,97,147,36.65,180.79
2026-06-29,/,US,desktop,452,775,47.97,80.65
2026-06-29,/,US,mobile,462,596,33.39,154.65
2026-06-29,/,US,tablet,86,149,36.04,235.28
2026-06-29,/pricing,FR,desktop,293,561,56.86,300.18
2026-06-29,/pricing,FR,mobile,264,332,61.78,134.92
2026-06-29,/pricing,FR,tablet,58,92,58.46,259.31
2026-06-29,/pricing,EU,desktop,311,413,28.21,289.51
2026-06-29,/pricing,EU,mobile,274,572,30.53,143.46
2026-06-29,/pricing,EU,tablet,63,98,28.49,317.24
2026-06-29,/pricing,UK,desktop,367,586,40.40,148.30
2026-06-29,/pricing,UK,mobile,266,423,39.68,180.28
2026-06-29,/pricing,UK,tablet,54,95,60.51,139.50
2026-06-29,/pricing,US,desktop,295,516,47.18,184.94
2026-06-29,/pricing,US,mobile,273,347,38.18,291.85
2026-06-29,/pricing,US,tablet,58,80,31.62,226.79
2026-06-29,/product,FR,desktop,381,719,33.37,241.28
2026-06-29,/product,FR,mobile,277,548,46.73,265.42
2026-06-29,/product,FR,tablet,66,114,60.43,235.19
2026-06-29,/product,EU,desktop,393,781,43.64,279.79
2026-06-29,/product,EU,mobile,341,432,32.14,176.76
2026-06-29,/product,EU,tablet,65,133,33.05,261.56
2026-06-29,/product,UK,desktop,337,471,34.76,179.30
2026-06-29,/product,UK,mobile,316,442,30.70,220.48
2026-06-29,/product,UK,tablet,61,85,30.11,260.07
2026-06-29,/product,US,desktop,375,721,61.10,180.37
2026-06-29,/product,US,mobile,290,519,50.50,124.21
2026-06-29,/product,US,tablet,66,135,38.63,193.67
2026-06-29,/docs,FR,desktop,225,432,36.53,180.21
2026-06-29,/docs,FR,mobile,204,338,42.06,169.61
2026-06-29,/docs,FR,tablet,47,75,36.64,109.00
2026-06-29,/docs,EU,desktop,211,360,52.76,131.54
2026-06-29,/docs,EU,mobile,174,220,37.94,286.62
2026-06-29,/docs,EU,tablet,42,52,34.09,270.83
2026-06-29,/docs,UK,desktop,214,268,34.44,210.79
2026-06-29,/docs,UK,mobile,195,317,31.75,165.71
2026-06-29,/docs,UK,tablet,47,65,41.89,136.70
2026-06-29,/docs,US,desktop,213,370,52.67,181.27
2026-06-29,/docs,US,mobile,195,322,51.75,81.48
2026-06-29,/docs,US,tablet,44,90,32.54,74.56
2026-06-29,/blog/launch,FR,desktop,156,287,35.20,164.56
2026-06-29,/blog/launch,FR,mobile,120,241,29.25,297.30
2026-06-29,/blog/launch,FR,tablet,28,57,58.95,249.04
2026-06-29,/blog/launch,EU,desktop,180,258,32.78,120.32
2026-06-29,/blog/launch,EU,mobile,129,269,52.66,210.82
2026-06-29,/blog/launch,EU,tablet,30,56,54.89,124.07
2026-06-29,/blog/launch,UK,desktop,180,348,46.63,309.66
2026-06-29,/blog/launch,UK,mobile,122,212,44.21,305.28
2026-06-29,/blog/launch,UK,tablet,30,40,28.79,295.46
2026-06-29,/blog/launch,US,desktop,150,268,48.64,111.96
2026-06-29,/blog/launch,US,mobile,147,303,31.29,309.40
2026-06-29,/blog/launch,US,tablet,26,31,34.44,198.78
2026-06-29,/contact,FR,desktop,111,199,30.98,284.81
2026-06-29,/contact,FR,mobile,101,168,40.80,279.98
2026-06-29,/contact,FR,tablet,23,37,32.57,258.26
2026-06-29,/contact,EU,desktop,146,279,49.46,133.13
2026-06-29,/contact,EU,mobile,124,242,37.03,298.70
2026-06-29,/contact,EU,tablet,27,38,58.27,315.59
2026-06-29,/contact,UK,desktop,128,197,30.83,246.52
2026-06-29,/contact,UK,mobile,112,235,53.62,233.37
2026-06-29,/contact,UK,tablet,24,33,35.85,91.64
2026-06-29,/contact,US,desktop,139,269,36.37,174.96
2026-06-29,/contact,US,mobile,113,145,36.76,150.29
2026-06-29,/contact,US,tablet,23,40,56.26,283.81
2026-06-29,/signup,FR,desktop,166,317,35.06,90.45
2026-06-29,/signup,FR,mobile,164,198,29.76,266.43
2026-06-29,/signup,FR,tablet,39,78,41.12,193.62
2026-06-29,/signup,EU,desktop,166,283,60.62,154.69
2026-06-29,/signup,EU,mobile,146,175,31.40,131.32
2026-06-29,/signup,EU,tablet,37,74,57.24,108.83
2026-06-29,/signup,UK,desktop,196,323,44.09,67.21
2026-06-29,/signup,UK,mobile,184,263,29.89,173.77
2026-06-29,/signup,UK,tablet,35,64,29.95,137.07
2026-06-29,/signup,US,desktop,171,259,33.28,251.28
2026-06-29,/signup,US,mobile,173,298,58.98,144.06
2026-06-29,/signup,US,tablet,38,55,51.93,74.21
2026-06-30,/,FR,desktop,553,815,29.83,271.47
2026-06-30,/,FR,mobile,403,491,31.86,127.80
2026-06-30,/,FR,tablet,106,135,37.52,315.88
2026-06-30,/,EU,desktop,496,996,34.35,111.83
2026-06-30,/,EU,mobile,430,899,28.92,307.13
2026-06-30,/,EU,tablet,101,199,57.61,206.49
2026-06-30,/,UK,desktop,553,1071,58.95,138.11
2026-06-30,/,UK,mobile,449,737,38.98,267.97
2026-06-30,/,UK,tablet,86,175,37.84,275.26
2026-06-30,/,US,desktop,452,711,36.20,264.35
2026-06-30,/,US,mobile,418,789,59.54,98.53
2026-06-30,/,US,tablet,87,111,37.90,192.58
2026-06-30,/pricing,FR,desktop,353,648,60.14,123.13
2026-06-30,/pricing,FR,mobile,245,415,48.15,101.97
2026-06-30,/pricing,FR,tablet,51,76,36.51,273.72
2026-06-30,/pricing,EU,desktop,274,510,28.43,146.11
2026-06-30,/pricing,EU,mobile,295,565,61.03,240.17
2026-06-30,/pricing,EU,tablet,54,111,50.90,72.96
2026-06-30,/pricing,UK,desktop,310,648,57.44,275.26
2026-06-30,/pricing,UK,mobile,296,487,36.44,84.72
2026-06-30,/pricing,UK,tablet,54,91,48.33,307.71
2026-06-30,/pricing,US,desktop,364,662,54.21,289.29
2026-06-30,/pricing,US,mobile,277,373,59.79,158.89
2026-06-30,/pricing,US,tablet,52,94,58.69,135.27
2026-06-30,/product,FR,desktop,325,594,43.35,139.34
2026-06-30,/product,FR,mobile,267,383,50.46,112.13
2026-06-30,/product,FR,tablet,74,144,52.89,81.76
2026-06-30,/product,EU,desktop,375,453,48.39,195.22
2026-06-30,/product,EU,mobile,289,492,40.05,221.57
2026-06-30,/product,EU,tablet,60,83,47.03,142.01
2026-06-30,/product,UK,desktop,397,505,43.87,215.38
2026-06-30,/product,UK,mobile,289,453,39.11,95.61
2026-06-30,/product,UK,tablet,59,121,34.62,215.92
2026-06-30,/product,US,desktop,355,737,39.65,71.59
2026-06-30,/product,US,mobile,341,633,60.69,171.25
2026-06-30,/product,US,tablet,63,106,56.73,104.19
2026-06-30,/docs,FR,desktop,217,429,31.49,231.25
2026-06-30,/docs,FR,mobile,175,233,35.40,255.71
2026-06-30,/docs,FR,tablet,43,73,49.76,191.76
2026-06-30,/docs,EU,desktop,219,396,49.39,234.26
2026-06-30,/docs,EU,mobile,171,234,55.76,248.78
2026-06-30,/docs,EU,tablet,36,69,44.41,70.18
2026-06-30,/docs,UK,desktop,241,321,40.92,205.60
2026-06-30,/docs,UK,mobile,221,459,37.60,190.73
2026-06-30,/docs,UK,tablet,42,54,61.07,217.58
2026-06-30,/docs,US,desktop,246,454,47.68,211.76
2026-06-30,/docs,US,mobile,175,237,61.06,102.84
2026-06-30,/docs,US,tablet,39,56,43.68,258.52
2026-06-30,/blog/launch,FR,desktop,148,239,36.01,305.74
2026-06-30,/blog/launch,FR,mobile,123,154,49.25,310.49
2026-06-30,/blog/launch,FR,tablet,29,40,38.43,296.01
2026-06-30,/blog/launch,EU,desktop,162,239,34.22,123.19
2026-06-30,/blog/launch,EU,mobile,147,218,32.89,309.43
2026-06-30,/blog/launch,EU,tablet,34,53,28.17,186.97
2026-06-30,/blog/launch,UK,desktop,182,308,46.35,290.25
2026-06-30,/blog/launch,UK,mobile,143,268,29.30,130.94
2026-06-30,/blog/launch,UK,tablet,25,51,34.63,89.73
2026-06-30,/blog/launch,US,desktop,158,255,30.37,273.42
2026-06-30,/blog/launch,US,mobile,147,257,37.41,63.54
2026-06-30,/blog/launch,US,tablet,29,54,32.88,87.34
2026-06-30,/contact,FR,desktop,142,269,43.16,90.69
2026-06-30,/contact,FR,mobile,98,130,61.56,152.28
2026-06-30,/contact,FR,tablet,22,34,46.41,283.41
2026-06-30,/contact,EU,desktop,112,219,61.76,170.60
2026-06-30,/contact,EU,mobile,110,138,56.25,233.66
2026-06-30,/contact,EU,tablet,26,36,59.20,259.67
2026-06-30,/contact,UK,desktop,128,185,34.12,284.33
2026-06-30,/contact,UK,mobile,116,225,43.21,69.43
2026-06-30,/contact,UK,tablet,23,32,58.12,117.16
2026-06-30,/contact,US,desktop,123,248,31.47,297.64
2026-06-30,/contact,US,mobile,117,190,43.25,77.91
2026-06-30,/contact,US,tablet,24,35,41.59,86.88
2026-06-30,/signup,FR,desktop,170,280,61.47,123.55
2026-06-30,/signup,FR,mobile,178,300,46.41,154.12
2026-06-30,/signup,FR,tablet,34,51,38.53,176.83
2026-06-30,/signup,EU,desktop,168,276,33.77,84.23
2026-06-30,/signup,EU,mobile,156,209,34.19,174.34
2026-06-30,/signup,EU,tablet,36,48,59.77,273.97
2026-06-30,/signup,UK,desktop,165,326,32.99,69.66
2026-06-30,/signup,UK,mobile,143,197,54.98,61.48
2026-06-30,/signup,UK,tablet,38,78,55.09,133.38
2026-06-30,/signup,US,desktop,198,305,29.43,65.86
2026-06-30,/signup,US,mobile,177,338,39.19,213.02
2026-06-30,/signup,US,tablet,33,41,30.95,70.00
2026-07-01,/,FR,desktop,563,1082,32.16,143.64
2026-07-01,/,FR,mobile,455,591,32.01,122.66
2026-07-01,/,FR,tablet,110,214,45.64,72.25
2026-07-01,/,EU,desktop,460,618,42.97,261.67
2026-07-01,/,EU,mobile,445,698,37.05,295.30
2026-07-01,/,EU,tablet,99,174,31.14,61.55
2026-07-01,/,UK,desktop,525,934,56.96,119.00
2026-07-01,/,UK,mobile,441,840,31.82,276.71
2026-07-01,/,UK,tablet,87,126,28.23,78.51
2026-07-01,/,US,desktop,524,908,32.14,163.28
2026-07-01,/,US,mobile,415,676,28.98,142.99
2026-07-01,/,US,tablet,82,168,53.77,230.20
2026-07-01,/pricing,FR,desktop,293,447,34.16,169.08
2026-07-01,/pricing,FR,mobile,245,318,35.08,95.08
2026-07-01,/pricing,FR,tablet,63,103,38.34,257.84
2026-07-01,/pricing,EU,desktop,329,524,46.84,108.76
2026-07-01,/pricing,EU,mobile,313,412,53.69,86.89
2026-07-01,/pricing,EU,tablet,51,70,56.47,198.69
2026-07-01,/pricing,UK,desktop,359,727,34.15,208.76
2026-07-01,/pricing,UK,mobile,268,544,51.39,112.75
2026-07-01,/pricing,UK,tablet,61,81,35.23,78.49
2026-07-01,/pricing,US,desktop,289,517,58.59,290.33
2026-07-01,/pricing,US,mobile,287,391,44.42,314.78
2026-07-01,/pricing,US,tablet,68,117,53.50,202.01
2026-07-01,/product,FR,desktop,329,616,49.64,228.06
2026-07-01,/product,FR,mobile,285,454,53.69,287.56
2026-07-01,/product,FR,tablet,70,143,56.06,260.96
2026-07-01,/product,EU,desktop,341,645,60.87,83.77
2026-07-01,/product,EU,mobile,318,469,36.94,272.15
2026-07-01,/product,EU,tablet,71,116,58.34,63.91
2026-07-01,/product,UK,desktop,355,426,51.32,97.33
2026-07-01,/product,UK,mobile,332,614,31.66,98.26
2026-07-01,/product,UK,tablet,59,111,46.96,141.80
2026-07-01,/product,US,desktop,383,740,49.93,287.20
2026-07-01,/product,US,mobile,351,635,40.56,123.30
2026-07-01,/product,US,tablet,62,117,34.25,242.98
2026-07-01,/docs,FR,desktop,218,399,28.90,75.64
2026-07-01,/docs,FR,mobile,200,344,54.91,314.92
2026-07-01,/docs,FR,tablet,47,93,29.00,162.74
2026-07-01,/docs,EU,desktop,232,416,33.22,179.53
2026-07-01,/docs,EU,mobile,167,331,44.36,105.03
2026-07-01,/docs,EU,tablet,42,85,41.86,294.35
2026-07-01,/docs,UK,desktop,209,284,59.38,283.75
2026-07-01,/docs,UK,mobile,183,278,48.51,229.07
2026-07-01,/docs,UK,tablet,40,65,57.93,159.45
2026-07-01,/docs,US,desktop,238,401,41.51,283.32
2026-07-01,/docs,US,mobile,178,372,48.25,237.98
2026-07-01,/docs,US,tablet,38,72,33.94,298.21
2026-07-01,/blog/launch,FR,desktop,181,279,28.96,218.20
2026-07-01,/blog/launch,FR,mobile,149,243,36.28,310.45
2026-07-01,/blog/launch,FR,tablet,33,56,33.54,283.39
2026-07-01,/blog/launch,EU,desktop,167,334,38.81,151.11
2026-07-01,/blog/launch,EU,mobile,121,199,50.10,103.44
2026-07-01,/blog/launch,EU,tablet,33,60,45.93,70.11
2026-07-01,/blog/launch,UK,desktop,167,217,38.46,251.53
2026-07-01,/blog/launch,UK,mobile,132,191,48.42,197.94
2026-07-01,/blog/launch,UK,tablet,33,57,51.45,148.75
2026-07-01,/blog/launch,US,desktop,144,193,38.32,315.00
2026-07-01,/blog/launch,US,mobile,146,185,37.96,99.30
2026-07-01,/blog/launch,US,tablet,27,56,39.36,168.38
2026-07-01,/contact,FR,desktop,119,220,44.17,179.20
2026-07-01,/contact,FR,mobile,96,163,28.73,157.13
2026-07-01,/contact,FR,tablet,27,44,36.85,199.33
2026-07-01,/contact,EU,desktop,122,163,39.41,115.43
2026-07-01,/contact,EU,mobile,106,183,45.70,235.11
2026-07-01,/contact,EU,tablet,21,41,46.72,214.35
2026-07-01,/contact,UK,desktop,116,179,41.51,167.84
2026-07-01,/contact,UK,mobile,96,189,43.92,140.76
2026-07-01,/contact,UK,tablet,25,51,48.92,201.71
2026-07-01,/contact,US,desktop,122,247,47.94,153.49
2026-07-01,/contact,US,mobile,111,206,41.79,287.37
2026-07-01,/contact,US,tablet,27,56,39.00,306.94
2026-07-01,/signup,FR,desktop,173,326,57.92,267.40
2026-07-01,/signup,FR,mobile,185,386,48.61,312.29
2026-07-01,/signup,FR,tablet,30,40,40.77,163.96
2026-07-01,/signup,EU,desktop,208,341,41.75,132.33
2026-07-01,/signup,EU,mobile,169,252,57.03,69.98
2026-07-01,/signup,EU,tablet,32,44,35.25,157.74
2026-07-01,/signup,UK,desktop,200,330,34.35,166.18
2026-07-01,/signup,UK,mobile,169,343,55.80,63.33
2026-07-01,/signup,UK,tablet,37,61,40.08,282.33
2026-07-01,/signup,US,desktop,172,299,61.57,73.73
2026-07-01,/signup,US,mobile,167,262,59.27,96.17
2026-07-01,/signup,US,tablet,36,63,53.45,189.95
2026-07-02,/,FR,desktop,492,781,38.15,194.34
2026-07-02,/,FR,mobile,385,776,56.57,196.89
2026-07-02,/,FR,tablet,97,145,56.74,110.05
2026-07-02,/,EU,desktop,522,667,36.01,81.49
2026-07-02,/,EU,mobile,495,831,44.76,69.92
2026-07-02,/,EU,tablet,82,134,34.41,289.82
2026-07-02,/,UK,desktop,562,1071,49.60,302.26
2026-07-02,/,UK,mobile,426,720,61.89,210.62
2026-07-02,/,UK,tablet,107,193,36.83,180.33
2026-07-02,/,US,desktop,486,804,47.77,261.61
2026-07-02,/,US,mobile,395,684,32.56,192.53
2026-07-02,/,US,tablet,85,143,58.65,146.79
2026-07-02,/pricing,FR,desktop,353,724,33.95,184.81
2026-07-02,/pricing,FR,mobile,261,475,55.61,73.40
2026-07-02,/pricing,FR,tablet,63,77,43.25,261.98
2026-07-02,/pricing,EU,desktop,294,568,29.50,220.80
2026-07-02,/pricing,EU,mobile,304,470,46.90,248.30
2026-07-02,/pricing,EU,tablet,67,138,43.58,85.46
2026-07-02,/pricing,UK,desktop,286,460,47.49,297.92
2026-07-02,/pricing,UK,mobile,241,427,43.87,313.29
2026-07-02,/pricing,UK,tablet,51,90,55.23,183.86
2026-07-02,/pricing,US,desktop,284,448,42.49,182.72
2026-07-02,/pricing,US,mobile,309,381,33.85,195.95
2026-07-02,/pricing,US,tablet,59,118,33.47,251.19
2026-07-02,/product,FR,desktop,369,575,60.85,139.93
2026-07-02,/product,FR,mobile,327,403,54.95,228.60
2026-07-02,/product,FR,tablet,67,90,54.04,279.64
2026-07-02,/product,EU,desktop,304,427,49.24,280.11
2026-07-02,/product,EU,mobile,295,499,34.75,140.34
2026-07-02,/product,EU,tablet,61,97,55.56,90.76
2026-07-02,/product,UK,desktop,332,430,48.05,285.33
2026-07-02,/product,UK,mobile,353,616,56.18,319.96
2026-07-02,/product,UK,tablet,71,109,31.31,99.49
2026-07-02,/product,US,desktop,315,525,57.95,299.71
2026-07-02,/product,US,mobile,327,523,31.16,185.22
2026-07-02,/product,US,tablet,57,116,28.73,217.32
2026-07-02,/docs,FR,desktop,257,377,44.85,88.78
2026-07-02,/docs,FR,mobile,181,232,35.78,209.10
2026-07-02,/docs,FR,tablet,41,54,53.79,303.55
2026-07-02,/docs,EU,desktop,209,364,34.55,267.13
2026-07-02,/docs,EU,mobile,189,378,59.58,247.70
2026-07-02,/docs,EU,tablet,36,60,49.71,172.12
2026-07-02,/docs,UK,desktop,211,363,30.89,162.88
2026-07-02,/docs,UK,mobile,184,328,38.27,176.86
2026-07-02,/docs,UK,tablet,41,69,35.88,171.04
2026-07-02,/docs,US,desktop,254,520,37.17,302.17
2026-07-02,/docs,US,mobile,214,339,30.87,172.09
2026-07-02,/docs,US,tablet,36,51,55.15,111.74
2026-07-02,/blog/launch,FR,desktop,163,327,56.84,159.29
2026-07-02,/blog/launch,FR,mobile,142,216,53.56,235.13
2026-07-02,/blog/launch,FR,tablet,27,49,37.31,82.24
2026-07-02,/blog/launch,EU,desktop,147,217,50.32,171.89
2026-07-02,/blog/launch,EU,mobile,159,257,40.74,317.52
2026-07-02,/blog/launch,EU,tablet,30,58,52.32,311.45
2026-07-02,/blog/launch,UK,desktop,139,204,56.94,170.62
2026-07-02,/blog/launch,UK,mobile,133,176,41.69,186.36
2026-07-02,/blog/launch,UK,tablet,30,55,56.84,171.93
2026-07-02,/blog/launch,US,desktop,176,354,36.72,119.76
2026-07-02,/blog/launch,US,mobile,141,193,36.56,245.51
2026-07-02,/blog/launch,US,tablet,28,41,55.86,264.73
2026-07-02,/contact,FR,desktop,141,258,50.55,75.19
2026-07-02,/contact,FR,mobile,127,177,49.48,116.56
2026-07-02,/contact,FR,tablet,21,41,38.88,166.49
2026-07-02,/contact,EU,desktop,129,241,56.69,114.53
2026-07-02,/contact,EU,mobile,98,152,44.97,108.86
2026-07-02,/contact,EU,tablet,23,46,43.45,266.98
2026-07-02,/contact,UK,desktop,128,259,41.94,243.23
2026-07-02,/contact,UK,mobile,118,182,31.59,297.75
2026-07-02,/contact,UK,tablet,25,51,52.56,108.15
2026-07-02,/contact,US,desktop,132,175,54.26,264.26
2026-07-02,/contact,US,mobile,126,232,44.61,183.14
2026-07-02,/contact,US,tablet,27,36,51.07,285.58
2026-07-02,/signup,FR,desktop,171,229,56.87,280.55
2026-07-02,/signup,FR,mobile,185,369,43.68,235.20
2026-07-02,/signup,FR,tablet,35,45,55.65,258.82
2026-07-02,/signup,EU,desktop,195,290,44.03,133.35
2026-07-02,/signup,EU,mobile,156,241,48.54,86.20
2026-07-02,/signup,EU,tablet,37,47,48.68,284.76
2026-07-02,/signup,UK,desktop,164,292,36.17,304.53
2026-07-02,/signup,UK,mobile,145,290,37.85,304.13
2026-07-02,/signup,UK,tablet,31,37,49.16,198.34
2026-07-02,/signup,US,desktop,212,377,29.75,209.17
2026-07-02,/signup,US,mobile,164,211,55.37,258.19
2026-07-02,/signup,US,tablet,32,51,49.75,71.79
2026-07-03,/,FR,desktop,462,592,42.86,151.25
2026-07-03,/,FR,mobile,483,675,49.16,75.90
2026-07-03,/,FR,tablet,92,131,28.81,271.14
2026-07-03,/,EU,desktop,569,1094,32.00,173.34
2026-07-03,/,EU,mobile,444,748,47.31,199.51
2026-07-03,/,EU,tablet,100,149,55.90,72.29
2026-07-03,/,UK,desktop,525,1047,59.54,169.28
2026-07-03,/,UK,mobile,421,834,31.16,167.93
2026-07-03,/,UK,tablet,82,133,59.87,155.06
2026-07-03,/,US,desktop,509,720,60.69,151.27
2026-07-03,/,US,mobile,430,870,31.04,133.95
2026-07-03,/,US,tablet,86,127,55.74,254.35
2026-07-03,/pricing,FR,desktop,328,583,29.90,208.42
2026-07-03,/pricing,FR,mobile,239,356,35.22,275.36
2026-07-03,/pricing,FR,tablet,56,70,37.13,135.45
2026-07-03,/pricing,EU,desktop,282,479,54.65,180.08
2026-07-03,/pricing,EU,mobile,317,446,29.96,259.95
2026-07-03,/pricing,EU,tablet,63,128,29.07,264.14
2026-07-03,/pricing,UK,desktop,302,477,45.28,227.58
2026-07-03,/pricing,UK,mobile,287,398,52.95,281.57
2026-07-03,/pricing,UK,tablet,65,135,56.96,216.91
2026-07-03,/pricing,US,desktop,273,376,28.88,270.62
2026-07-03,/pricing,US,mobile,287,505,44.91,215.39
2026-07-03,/pricing,US,tablet,66,101,36.14,226.11
2026-07-03,/product,FR,desktop,358,644,60.32,100.34
2026-07-03,/product,FR,mobile,275,476,42.49,212.39
2026-07-03,/product,FR,tablet,64,118,36.10,259.42
2026-07-03,/product,EU,desktop,404,794,45.15,193.68
2026-07-03,/product,EU,mobile,263,346,41.54,111.78
2026-07-03,/product,EU,tablet,75,106,39.25,274.80
2026-07-03,/product,UK,desktop,401,715,41.24,318.05
2026-07-03,/product,UK,mobile,314,456,32.53,266.65
2026-07-03,/product,UK,tablet,62,82,50.29,143.43
2026-07-03,/product,US,desktop,370,639,54.93,275.84
2026-07-03,/product,US,mobile,309,630,39.63,235.48
2026-07-03,/product,US,tablet,60,108,58.38,164.30
2026-07-03,/docs,FR,desktop,233,380,46.89,127.03
2026-07-03,/docs,FR,mobile,199,286,40.08,240.09
2026-07-03,/docs,FR,tablet,42,72,41.28,72.86
2026-07-03,/docs,EU,desktop,254,456,34.53,249.04
2026-07-03,/docs,EU,mobile,176,339,47.51,294.54
2026-07-03,/docs,EU,tablet,42,51,43.82,86.18
2026-07-03,/docs,UK,desktop,198,327,56.51,135.24
2026-07-03,/docs,UK,mobile,182,312,40.64,318.88
2026-07-03,/docs,UK,tablet,47,78,40.14,194.24
2026-07-03,/docs,US,desktop,234,434,36.98,310.65
2026-07-03,/docs,US,mobile,202,302,34.07,219.77
2026-07-03,/docs,US,tablet,45,60,47.92,83.18
2026-07-03,/blog/launch,FR,desktop,166,322,34.58,259.66
2026-07-03,/blog/launch,FR,mobile,119,147,54.42,299.33
2026-07-03,/blog/launch,FR,tablet,31,43,28.58,103.25
2026-07-03,/blog/launch,EU,desktop,161,292,40.14,256.04
2026-07-03,/blog/launch,EU,mobile,145,260,52.79,191.11
2026-07-03,/blog/launch,EU,tablet,34,44,49.03,249.87
2026-07-03,/blog/launch,UK,desktop,176,267,57.21,206.56
2026-07-03,/blog/launch,UK,mobile,137,266,61.12,164.38
2026-07-03,/blog/launch,UK,tablet,30,45,41.23,312.36
2026-07-03,/blog/launch,US,desktop,147,188,53.19,239.39
2026-07-03,/blog/launch,US,mobile,128,193,40.06,170.71
2026-07-03,/blog/launch,US,tablet,28,54,49.08,182.92
2026-07-03,/contact,FR,desktop,138,247,46.15,111.61
2026-07-03,/contact,FR,mobile,126,214,58.52,122.15
2026-07-03,/contact,FR,tablet,20,28,32.46,125.03
2026-07-03,/contact,EU,desktop,139,243,58.70,118.51
2026-07-03,/contact,EU,mobile,119,191,54.85,171.73
2026-07-03,/contact,EU,tablet,22,39,50.45,194.18
2026-07-03,/contact,UK,desktop,132,163,60.68,63.60
2026-07-03,/contact,UK,mobile,117,144,56.79,98.45
2026-07-03,/contact,UK,tablet,21,43,57.63,210.98
2026-07-03,/contact,US,desktop,132,250,54.94,89.85
2026-07-03,/contact,US,mobile,123,232,53.12,140.19
2026-07-03,/contact,US,tablet,23,36,38.95,276.47
2026-07-03,/signup,FR,desktop,173,345,40.21,224.41
2026-07-03,/signup,FR,mobile,158,243,57.02,274.05
2026-07-03,/signup,FR,tablet,40,59,50.04,82.38
2026-07-03,/signup,EU,desktop,215,362,38.14,126.75
2026-07-03,/signup,EU,mobile,188,277,52.10,248.19
2026-07-03,/signup,EU,tablet,38,79,31.04,103.97
2026-07-03,/signup,UK,desktop,181,284,34.14,194.32
2026-07-03,/signup,UK,mobile,186,283,35.47,72.03
2026-07-03,/signup,UK,tablet,40,62,34.62,198.46
2026-07-03,/signup,US,desktop,163,325,41.95,278.62
2026-07-03,/signup,US,mobile,166,280,36.36,74.23
2026-07-03,/signup,US,tablet,36,65,45.94,253.39
2026-07-04,/,FR,desktop,310,564,49.20,85.01
2026-07-04,/,FR,mobile,285,418,29.76,106.66
2026-07-04,/,FR,tablet,76,114,29.88,165.58
2026-07-04,/,EU,desktop,395,671,59.60,182.96
2026-07-04,/,EU,mobile,279,388,49.51,230.01
2026-07-04,/,EU,tablet,72,100,41.97,210.70
2026-07-04,/,UK,desktop,330,547,47.31,85.84
2026-07-04,/,UK,mobile,305,388,41.07,228.50
2026-07-04,/,UK,tablet,73,94,53.41,107.66
2026-07-04,/,US,desktop,337,615,34.54,99.53
2026-07-04,/,US,mobile,336,608,33.43,143.60
2026-07-04,/,US,tablet,66,133,38.01,147.19
2026-07-04,/pricing,FR,desktop,218,308,46.20,157.16
2026-07-04,/pricing,FR,mobile,171,314,33.63,173.39
2026-07-04,/pricing,FR,tablet,42,82,56.96,215.93
2026-07-04,/pricing,EU,desktop,247,452,31.99,121.61
2026-07-04,/pricing,EU,mobile,172,245,38.18,89.86
2026-07-04,/pricing,EU,tablet,36,73,57.89,168.40
2026-07-04,/pricing,UK,desktop,232,282,35.55,279.87
2026-07-04,/pricing,UK,mobile,189,350,37.00,305.27
2026-07-04,/pricing,UK,tablet,44,73,29.83,142.20
2026-07-04,/pricing,US,desktop,205,414,35.68,60.44
2026-07-04,/pricing,US,mobile,179,360,51.26,236.52
2026-07-04,/pricing,US,tablet,36,66,43.63,172.02
2026-07-04,/product,FR,desktop,280,519,38.30,206.70
2026-07-04,/product,FR,mobile,188,314,52.89,290.46
2026-07-04,/product,FR,tablet,49,83,53.76,137.80
2026-07-04,/product,EU,desktop,249,362,61.74,289.17
2026-07-04,/product,EU,mobile,204,316,32.94,255.20
2026-07-04,/product,EU,tablet,46,68,51.31,65.59
2026-07-04,/product,UK,desktop,241,357,28.23,99.26
2026-07-04,/product,UK,mobile,193,289,39.75,178.36
2026-07-04,/product,UK,tablet,50,96,28.46,151.18
2026-07-04,/product,US,desktop,254,412,31.70,200.88
2026-07-04,/product,US,mobile,231,301,50.57,92.28
2026-07-04,/product,US,tablet,42,61,59.57,104.11
2026-07-04,/docs,FR,desktop,179,326,40.21,235.88
2026-07-04,/docs,FR,mobile,125,203,49.78,185.76
2026-07-04,/docs,FR,tablet,31,59,58.23,266.42
2026-07-04,/docs,EU,desktop,174,255,59.08,173.13
2026-07-04,/docs,EU,mobile,156,291,48.63,248.23
2026-07-04,/docs,EU,tablet,25,34,32.28,157.62
2026-07-04,/docs,UK,desktop,175,221,55.54,278.30
2026-07-04,/docs,UK,mobile,145,278,43.86,89.48
2026-07-04,/docs,UK,tablet,26,34,57.72,203.66
2026-07-04,/docs,US,desktop,147,214,37.51,290.22
2026-07-04,/docs,US,mobile,132,259,54.88,71.33
2026-07-04,/docs,US,tablet,33,54,48.29,246.87
2026-07-04,/blog/launch,FR,desktop,123,234,40.01,110.05
2026-07-04,/blog/launch,FR,mobile,91,149,41.52,274.51
2026-07-04,/blog/launch,FR,tablet,19,36,34.12,97.09
2026-07-04,/blog/launch,EU,desktop,111,185,48.36,127.18
2026-07-04,/blog/launch,EU,mobile,98,173,34.80,116.42
2026-07-04,/blog/launch,EU,tablet,20,40,59.93,192.18
2026-07-04,/blog/launch,UK,desktop,114,142,28.16,274.08
2026-07-04,/blog/launch,UK,mobile,111,136,59.80,204.95
2026-07-04,/blog/launch,UK,tablet,22,34,50.44,81.79
2026-07-04,/blog/launch,US,desktop,117,173,34.50,114.24
2026-07-04,/blog/launch,US,mobile,112,205,30.08,163.96
2026-07-04,/blog/launch,US,tablet,22,39,59.41,218.62
2026-07-04,/contact,FR,desktop,93,135,28.24,266.06
2026-07-04,/contact,FR,mobile,84,157,52.44,152.60
2026-07-04,/contact,FR,tablet,16,29,59.40,74.50
2026-07-04,/contact,EU,desktop,83,124,29.92,267.40
2026-07-04,/contact,EU,mobile,82,146,35.42,255.88
2026-07-04,/contact,EU,tablet,14,18,55.35,60.90
2026-07-04,/contact,UK,desktop,94,150,44.30,231.47
2026-07-04,/contact,UK,mobile,76,116,29.22,134.92
2026-07-04,/contact,UK,tablet,15,29,59.86,258.66
2026-07-04,/contact,US,desktop,80,155,53.86,110.23
2026-07-04,/contact,US,mobile,80,163,39.39,246.33
2026-07-04,/contact,US,tablet,15,24,59.50,106.52
2026-07-04,/signup,FR,desktop,137,281,31.54,264.89
2026-07-04,/signup,FR,mobile,124,219,32.43,283.27
2026-07-04,/signup,FR,tablet,22,30,51.27,131.28
2026-07-04,/signup,EU,desktop,114,211,41.38,168.46
2026-07-04,/signup,EU,mobile,118,223,43.04,228.10
2026-07-04,/signup,EU,tablet,23,28,60.72,84.27
2026-07-04,/signup,UK,desktop,146,222,39.15,68.16
2026-07-04,/signup,UK,mobile,119,225,31.27,246.44
2026-07-04,/signup,UK,tablet,26,43,45.46,254.82
2026-07-04,/signup,US,desktop,128,231,31.92,289.22
2026-07-04,/signup,US,mobile,114,210,33.79,68.52
2026-07-04,/signup,US,tablet,27,47,53.49,180.36
2026-07-05,/,FR,desktop,401,646,58.57,299.67
2026-07-05,/,FR,mobile,351,652,55.78,192.04
2026-07-05,/,FR,tablet,64,84,57.57,206.83
2026-07-05,/,EU,desktop,348,428,46.01,209.10
2026-07-05,/,EU,mobile,306,487,40.82,281.65
2026-07-05,/,EU,tablet,74,139,31.76,128.78
2026-07-05,/,UK,desktop,408,712,32.94,147.34
2026-07-05,/,UK,mobile,294,446,47.40,285.09
2026-07-05,/,UK,tablet,68,119,33.31,171.74
2026-07-05,/,US,desktop,357,470,51.90,123.95
2026-07-05,/,US,mobile,269,515,46.62,213.17
2026-07-05,/,US,tablet,76,122,42.45,122.17
2026-07-05,/pricing,FR,desktop,233,375,48.56,144.41
2026-07-05,/pricing,FR,mobile,174,326,41.01,203.40
2026-07-05,/pricing,FR,tablet,45,74,51.64,78.91
2026-07-05,/pricing,EU,desktop,204,260,35.70,259.34
2026-07-05,/pricing,EU,mobile,199,311,36.67,223.79
2026-07-05,/pricing,EU,tablet,38,60,58.20,193.60
2026-07-05,/pricing,UK,desktop,240,442,48.95,80.14
2026-07-05,/pricing,UK,mobile,200,377,28.58,111.47
2026-07-05,/pricing,UK,tablet,36,65,29.12,314.74
2026-07-05,/pricing,US,desktop,256,485,54.92,152.46
2026-07-05,/pricing,US,mobile,220,271,44.10,262.74
2026-07-05,/pricing,US,tablet,46,60,56.09,282.68
2026-07-05,/product,FR,desktop,241,430,37.22,196.89
2026-07-05,/product,FR,mobile,246,469,37.03,216.89
2026-07-05,/product,FR,tablet,49,93,60.31,264.91
2026-07-05,/product,EU,desktop,249,305,37.54,258.55
2026-07-05,/product,EU,mobile,226,428,41.36,258.70
2026-07-05,/product,EU,tablet,46,91,49.44,159.65
2026-07-05,/product,UK,desktop,260,515,53.77,129.53
2026-07-05,/product,UK,mobile,242,429,57.56,316.55
2026-07-05,/product,UK,tablet,47,76,40.06,259.89
2026-07-05,/product,US,desktop,259,366,56.03,182.23
2026-07-05,/product,US,mobile,187,379,42.85,224.04
2026-07-05,/product,US,tablet,50,81,56.25,60.20
2026-07-05,/docs,FR,desktop,164,264,48.11,137.33
2026-07-05,/docs,FR,mobile,149,221,40.56,316.29
2026-07-05,/docs,FR,tablet,25,38,58.61,82.44
2026-07-05,/docs,EU,desktop,159,205,40.91,91.79
2026-07-05,/docs,EU,mobile,124,226,28.92,241.10
2026-07-05,/docs,EU,tablet,32,44,58.45,262.39
2026-07-05,/docs,UK,desktop,158,305,53.94,310.87
2026-07-05,/docs,UK,mobile,140,272,32.85,145.49
2026-07-05,/docs,UK,tablet,25,39,56.43,277.25
2026-07-05,/docs,US,desktop,160,327,55.67,233.05
2026-07-05,/docs,US,mobile,141,172,49.86,86.27
2026-07-05,/docs,US,tablet,33,50,57.80,288.16
2026-07-05,/blog/launch,FR,desktop,105,183,33.12,263.89
2026-07-05,/blog/launch,FR,mobile,109,138,34.67,129.40
2026-07-05,/blog/launch,FR,tablet,20,35,48.20,199.54
2026-07-05,/blog/launch,EU,desktop,110,177,58.65,205.21
2026-07-05,/blog/launch,EU,mobile,110,176,39.38,167.10
2026-07-05,/blog/launch,EU,tablet,19,29,29.09,107.24
2026-07-05,/blog/launch,UK,desktop,123,169,51.49,139.35
2026-07-05,/blog/launch,UK,mobile,92,123,53.95,88.58
2026-07-05,/blog/launch,UK,tablet,22,28,57.50,71.53
2026-07-05,/blog/launch,US,desktop,115,138,28.10,154.85
2026-07-05,/blog/launch,US,mobile,101,161,55.31,231.62
2026-07-05,/blog/launch,US,tablet,21,37,50.97,230.92
2026-07-05,/contact,FR,desktop,96,126,48.49,295.75
2026-07-05,/contact,FR,mobile,84,139,32.69,229.82
2026-07-05,/contact,FR,tablet,19,39,36.49,187.02
2026-07-05,/contact,EU,desktop,87,117,28.83,73.89
2026-07-05,/contact,EU,mobile,71,144,44.61,184.31
2026-07-05,/contact,EU,tablet,17,26,45.50,174.21
2026-07-05,/contact,UK,desktop,99,162,59.36,159.15
2026-07-05,/contact,UK,mobile,71,114,36.01,282.94
2026-07-05,/contact,UK,tablet,16,30,57.68,281.32
2026-07-05,/contact,US,desktop,102,205,32.81,251.30
2026-07-05,/contact,US,mobile,67,112,30.26,222.10
2026-07-05,/contact,US,tablet,17,20,46.94,147.62
2026-07-05,/signup,FR,desktop,144,290,46.18,194.08
2026-07-05,/signup,FR,mobile,132,197,59.73,156.04
2026-07-05,/signup,FR,tablet,22,44,53.44,121.68
2026-07-05,/signup,EU,desktop,141,241,57.73,75.49
2026-07-05,/signup,EU,mobile,113,185,45.69,195.64
2026-07-05,/signup,EU,tablet,28,55,45.27,94.55
2026-07-05,/signup,UK,desktop,149,222,59.23,264.85
2026-07-05,/signup,UK,mobile,123,190,41.35,93.15
2026-07-05,/signup,UK,tablet,23,39,55.34,107.38
2026-07-05,/signup,US,desktop,119,201,41.17,81.34
2026-07-05,/signup,US,mobile,118,192,39.93,67.84
2026-07-05,/signup,US,tablet,28,35,30.56,138.79
2026-07-06,/,FR,desktop,465,684,47.89,169.16
2026-07-06,/,FR,mobile,409,547,45.11,201.38
2026-07-06,/,FR,tablet,84,112,53.19,165.00
2026-07-06,/,EU,desktop,552,686,28.38,217.25
2026-07-06,/,EU,mobile,381,658,43.16,235.17
2026-07-06,/,EU,tablet,92,160,33.38,267.98
2026-07-06,/,UK,desktop,528,915,43.34,197.30
2026-07-06,/,UK,mobile,396,737,61.57,85.84
2026-07-06,/,UK,tablet,81,169,36.44,76.17
2026-07-06,/,US,desktop,516,842,48.15,271.85
2026-07-06,/,US,mobile,493,675,44.39,282.35
2026-07-06,/,US,tablet,93,152,54.99,219.99
2026-07-06,/pricing,FR,desktop,331,482,51.90,96.61
2026-07-06,/pricing,FR,mobile,311,383,47.35,110.45
2026-07-06,/pricing,FR,tablet,62,110,30.12,267.49
2026-07-06,/pricing,EU,desktop,292,392,55.68,77.85
2026-07-06,/pricing,EU,mobile,285,460,59.07,307.97
2026-07-06,/pricing,EU,tablet,51,62,55.96,266.41
2026-07-06,/pricing,UK,desktop,310,396,47.81,230.04
2026-07-06,/pricing,UK,mobile,260,438,38.90,173.11
2026-07-06,/pricing,UK,tablet,68,123,47.98,229.71
2026-07-06,/pricing,US,desktop,331,509,47.49,267.85
2026-07-06,/pricing,US,mobile,254,450,45.08,166.73
2026-07-06,/pricing,US,tablet,52,64,56.25,198.61
2026-07-06,/product,FR,desktop,341,640,33.49,73.45
2026-07-06,/product,FR,mobile,292,597,46.32,200.72
2026-07-06,/product,FR,tablet,58,118,39.99,222.06
2026-07-06,/product,EU,desktop,365,472,41.77,260.08
2026-07-06,/product,EU,mobile,307,624,53.92,293.72
2026-07-06,/product,EU,tablet,61,103,51.39,215.81
2026-07-06,/product,UK,desktop,363,519,46.71,148.99
2026-07-06,/product,UK,mobile,271,553,35.70,235.21
2026-07-06,/product,UK,tablet,60,124,50.03,86.38
2026-07-06,/product,US,desktop,358,736,43.63,173.70
2026-07-06,/product,US,mobile,300,534,52.15,233.45
2026-07-06,/product,US,tablet,70,88,32.64,278.26
2026-07-06,/docs,FR,desktop,216,332,42.74,152.65
2026-07-06,/docs,FR,mobile,220,435,41.13,179.69
2026-07-06,/docs,FR,tablet,39,81,55.19,193.26
2026-07-06,/docs,EU,desktop,200,355,56.22,71.99
2026-07-06,/docs,EU,mobile,215,284,52.90,68.33
2026-07-06,/docs,EU,tablet,47,88,33.97,248.55
2026-07-06,/docs,UK,desktop,193,387,60.43,208.81
2026-07-06,/docs,UK,mobile,172,299,57.79,90.01
2026-07-06,/docs,UK,tablet,41,63,33.39,232.63
2026-07-06,/docs,US,desktop,238,467,31.27,113.92
2026-07-06,/docs,US,mobile,186,339,56.77,251.27
2026-07-06,/docs,US,tablet,38,79,38.12,317.65
2026-07-06,/blog/launch,FR,desktop,180,285,49.92,230.24
2026-07-06,/blog/launch,FR,mobile,148,308,41.68,243.46
2026-07-06,/blog/launch,FR,tablet,34,51,46.33,79.88
2026-07-06,/blog/launch,EU,desktop,175,249,35.83,205.54
2026-07-06,/blog/launch,EU,mobile,146,190,59.27,318.26
2026-07-06,/blog/launch,EU,tablet,33,59,55.07,225.13
2026-07-06,/blog/launch,UK,desktop,150,304,55.08,280.80
2026-07-06,/blog/launch,UK,mobile,155,235,60.28,204.32
2026-07-06,/blog/launch,UK,tablet,25,38,33.35,186.89
2026-07-06,/blog/launch,US,desktop,140,187,28.36,295.89
2026-07-06,/blog/launch,US,mobile,146,215,51.93,263.34
2026-07-06,/blog/launch,US,tablet,26,39,48.86,68.18
2026-07-06,/contact,FR,desktop,146,277,31.56,287.23
2026-07-06,/contact,FR,mobile,107,156,31.20,106.48
2026-07-06,/contact,FR,tablet,25,37,43.23,263.60
2026-07-06,/contact,EU,desktop,142,295,54.19,227.78
2026-07-06,/contact,EU,mobile,98,160,29.01,108.64
2026-07-06,/contact,EU,tablet,26,42,46.52,232.90
2026-07-06,/contact,UK,desktop,113,194,32.98,303.27
2026-07-06,/contact,UK,mobile,119,207,52.15,206.46
2026-07-06,/contact,UK,tablet,25,31,29.91,118.61
2026-07-06,/contact,US,desktop,141,177,28.94,102.85
2026-07-06,/contact,US,mobile,128,230,32.52,194.80
2026-07-06,/contact,US,tablet,23,48,60.92,314.01
2026-07-06,/signup,FR,desktop,181,322,44.27,105.68
2026-07-06,/signup,FR,mobile,172,352,38.19,148.91
2026-07-06,/signup,FR,tablet,33,52,57.75,207.48
2026-07-06,/signup,EU,desktop,164,338,53.94,247.33
2026-07-06,/signup,EU,mobile,148,234,32.94,178.86
2026-07-06,/signup,EU,tablet,36,48,43.32,124.65
2026-07-06,/signup,UK,desktop,205,318,31.38,110.66
2026-07-06,/signup,UK,mobile,185,373,48.60,243.30
2026-07-06,/signup,UK,tablet,31,43,43.43,127.47
2026-07-06,/signup,US,desktop,182,245,58.60,153.61
2026-07-06,/signup,US,mobile,148,226,44.10,219.47
2026-07-06,/signup,US,tablet,36,57,51.41,167.94
2026-07-07,/,FR,desktop,478,836,35.26,270.81
2026-07-07,/,FR,mobile,390,596,29.89,104.65
2026-07-07,/,FR,tablet,89,185,45.89,120.19
2026-07-07,/,EU,desktop,572,725,47.14,229.50
2026-07-07,/,EU,mobile,513,1007,49.73,72.09
2026-07-07,/,EU,tablet,91,144,40.86,227.42
2026-07-07,/,UK,desktop,503,683,38.97,141.91
2026-07-07,/,UK,mobile,458,649,39.61,100.44
2026-07-07,/,UK,tablet,98,164,35.33,295.13
2026-07-07,/,US,desktop,562,841,56.72,223.96
2026-07-07,/,US,mobile,500,800,55.50,177.67
2026-07-07,/,US,tablet,107,220,45.86,204.23
2026-07-07,/pricing,FR,desktop,337,670,34.87,307.68
2026-07-07,/pricing,FR,mobile,278,493,42.35,298.88
2026-07-07,/pricing,FR,tablet,56,80,45.38,121.86
2026-07-07,/pricing,EU,desktop,274,458,44.32,230.55
2026-07-07,/pricing,EU,mobile,262,374,56.30,234.00
2026-07-07,/pricing,EU,tablet,59,94,48.60,219.77
2026-07-07,/pricing,UK,desktop,366,721,33.38,309.35
2026-07-07,/pricing,UK,mobile,283,454,44.60,303.03
2026-07-07,/pricing,UK,tablet,58,88,34.15,173.95
2026-07-07,/pricing,US,desktop,272,354,44.80,182.93
2026-07-07,/pricing,US,mobile,313,490,56.89,135.08
2026-07-07,/pricing,US,tablet,66,120,41.41,249.95
2026-07-07,/product,FR,desktop,377,629,45.45,263.34
2026-07-07,/product,FR,mobile,289,383,50.91,188.67
2026-07-07,/product,FR,tablet,66,105,60.46,300.53
2026-07-07,/product,EU,desktop,376,460,54.15,233.31
2026-07-07,/product,EU,mobile,353,654,41.48,226.18
2026-07-07,/product,EU,tablet,72,126,29.24,246.22
2026-07-07,/product,UK,desktop,383,637,54.44,287.95
2026-07-07,/product,UK,mobile,278,349,42.01,97.43
2026-07-07,/product,UK,tablet,67,138,58.11,67.30
2026-07-07,/product,US,desktop,346,634,40.30,207.48
2026-07-07,/product,US,mobile,338,630,47.11,126.29
2026-07-07,/product,US,tablet,59,73,37.76,77.80
2026-07-07,/docs,FR,desktop,213,352,36.07,219.41
2026-07-07,/docs,FR,mobile,209,288,29.63,263.59
2026-07-07,/docs,FR,tablet,47,75,36.93,189.74
2026-07-07,/docs,EU,desktop,257,419,61.94,125.17
2026-07-07,/docs,EU,mobile,211,340,28.98,161.76
2026-07-07,/docs,EU,tablet,38,75,29.68,152.60
2026-07-07,/docs,UK,desktop,197,269,45.54,182.42
2026-07-07,/docs,UK,mobile,183,377,47.64,236.10
2026-07-07,/docs,UK,tablet,37,67,56.95,250.83
2026-07-07,/docs,US,desktop,200,354,54.30,113.41
2026-07-07,/docs,US,mobile,189,380,41.54,297.86
2026-07-07,/docs,US,tablet,42,67,53.46,318.14
2026-07-07,/blog/launch,FR,desktop,154,295,36.14,86.62
2026-07-07,/blog/launch,FR,mobile,149,201,46.61,280.50
2026-07-07,/blog/launch,FR,tablet,32,60,34.91,132.46
2026-07-07,/blog/launch,EU,desktop,144,201,28.90,253.53
2026-07-07,/blog/launch,EU,mobile,142,291,54.04,92.45
2026-07-07,/blog/launch,EU,tablet,32,58,56.10,213.05
2026-07-07,/blog/launch,UK,desktop,180,325,42.66,182.97
2026-07-07,/blog/launch,UK,mobile,120,162,61.11,67.60
2026-07-07,/blog/launch,UK,tablet,27,51,28.18,231.73
2026-07-07,/blog/launch,US,desktop,172,291,47.85,271.28
2026-07-07,/blog/launch,US,mobile,159,325,61.95,253.16
2026-07-07,/blog/launch,US,tablet,29,54,42.13,204.36
2026-07-07,/contact,FR,desktop,141,283,46.52,63.24
2026-07-07,/contact,FR,mobile,113,210,57.37,118.45
2026-07-07,/contact,FR,tablet,23,44,30.41,161.30
2026-07-07,/contact,EU,desktop,116,167,35.75,123.26
2026-07-07,/contact,EU,mobile,101,130,56.69,225.38
2026-07-07,/contact,EU,tablet,26,43,29.06,230.56
2026-07-07,/contact,UK,desktop,118,225,31.62,200.62
2026-07-07,/contact,UK,mobile,96,191,52.09,86.88
2026-07-07,/contact,UK,tablet,21,39,56.31,180.36
2026-07-07,/contact,US,desktop,127,227,37.85,234.36
2026-07-07,/contact,US,mobile,122,182,52.73,178.96
2026-07-07,/contact,US,tablet,23,31,40.66,125.39
2026-07-07,/signup,FR,desktop,211,426,57.18,306.46
2026-07-07,/signup,FR,mobile,166,313,43.86,267.30
2026-07-07,/signup,FR,tablet,31,46,49.48,122.89
2026-07-07,/signup,EU,desktop,214,335,32.35,72.92
2026-07-07,/signup,EU,mobile,181,298,53.92,82.61
2026-07-07,/signup,EU,tablet,37,47,39.60,122.37
2026-07-07,/signup,UK,desktop,167,227,36.30,238.66
2026-07-07,/signup,UK,mobile,152,294,37.19,60.94
2026-07-07,/signup,UK,tablet,37,55,46.03,247.10
2026-07-07,/signup,US,desktop,212,396,31.02,297.94
2026-07-07,/signup,US,mobile,182,351,56.27,221.20
2026-07-07,/signup,US,tablet,35,52,36.00,73.71
2026-07-08,/,FR,desktop,587,981,33.57,240.29
2026-07-08,/,FR,mobile,392,593,53.88,213.46
2026-07-08,/,FR,tablet,94,155,28.92,78.21
2026-07-08,/,EU,desktop,520,659,59.03,178.05
2026-07-08,/,EU,mobile,385,596,57.70,207.86
2026-07-08,/,EU,tablet,102,125,36.43,157.10
2026-07-08,/,UK,desktop,532,826,32.33,94.11
2026-07-08,/,UK,mobile,468,614,36.57,133.39
2026-07-08,/,UK,tablet,92,118,49.50,305.86
2026-07-08,/,US,desktop,579,1116,37.33,225.78
2026-07-08,/,US,mobile,451,666,58.06,185.11
2026-07-08,/,US,tablet,99,179,57.94,70.93
2026-07-08,/pricing,FR,desktop,317,581,36.18,64.73
2026-07-08,/pricing,FR,mobile,253,384,52.51,317.64
2026-07-08,/pricing,FR,tablet,54,93,36.68,273.13
2026-07-08,/pricing,EU,desktop,317,476,45.33,151.08
2026-07-08,/pricing,EU,mobile,271,341,49.29,229.94
2026-07-08,/pricing,EU,tablet,53,65,46.23,282.54
2026-07-08,/pricing,UK,desktop,361,664,48.05,169.50
2026-07-08,/pricing,UK,mobile,254,491,54.23,236.02
2026-07-08,/pricing,UK,tablet,63,91,39.00,184.57
2026-07-08,/pricing,US,desktop,279,358,57.69,294.45
2026-07-08,/pricing,US,mobile,298,558,35.77,173.92
2026-07-08,/pricing,US,tablet,63,91,52.54,232.76
2026-07-08,/product,FR,desktop,304,409,54.72,315.47
2026-07-08,/product,FR,mobile,338,435,35.36,308.96
2026-07-08,/product,FR,tablet,60,79,61.87,201.52
2026-07-08,/product,EU,desktop,358,556,33.65,98.74
2026-07-08,/product,EU,mobile,345,445,29.70,301.49
2026-07-08,/product,EU,tablet,57,111,37.48,128.22
2026-07-08,/product,UK,desktop,387,751,58.18,167.32
2026-07-08,/product,UK,mobile,334,571,51.37,201.70
2026-07-08,/product,UK,tablet,71,133,50.63,126.30
2026-07-08,/product,US,desktop,352,545,37.94,105.55
2026-07-08,/product,US,mobile,334,427,54.35,100.74
2026-07-08,/product,US,tablet,62,129,41.14,280.14
2026-07-08,/docs,FR,desktop,247,347,44.81,182.54
2026-07-08,/docs,FR,mobile,179,225,53.21,148.95
2026-07-08,/docs,FR,tablet,42,85,41.25,84.72
2026-07-08,/docs,EU,desktop,209,324,58.14,292.36
2026-07-08,/docs,EU,mobile,189,270,33.60,236.71
2026-07-08,/docs,EU,tablet,45,80,49.53,76.05
2026-07-08,/docs,UK,desktop,211,288,47.32,247.69
2026-07-08,/docs,UK,mobile,178,328,28.16,215.59
2026-07-08,/docs,UK,tablet,47,89,46.23,113.47
2026-07-08,/docs,US,desktop,217,282,39.25,140.76
2026-07-08,/docs,US,mobile,179,257,46.76,84.62
2026-07-08,/docs,US,tablet,46,89,32.18,140.18
2026-07-08,/blog/launch,FR,desktop,155,319,51.22,212.15
2026-07-08,/blog/launch,FR,mobile,148,264,28.48,73.20
2026-07-08,/blog/launch,FR,tablet,29,39,46.23,90.03
2026-07-08,/blog/launch,EU,desktop,173,361,37.73,198.04
2026-07-08,/blog/launch,EU,mobile,146,239,51.09,198.13
2026-07-08,/blog/launch,EU,tablet,27,48,35.73,307.16
2026-07-08,/blog/launch,UK,desktop,137,186,35.14,146.22
2026-07-08,/blog/launch,UK,mobile,144,287,38.73,232.72
2026-07-08,/blog/launch,UK,tablet,28,37,43.88,198.60
2026-07-08,/blog/launch,US,desktop,175,261,60.47,168.24
2026-07-08,/blog/launch,US,mobile,139,176,46.21,195.27
2026-07-08,/blog/launch,US,tablet,31,43,37.75,166.48
2026-07-08,/contact,FR,desktop,128,163,61.38,276.07
2026-07-08,/contact,FR,mobile,122,183,58.97,197.45
2026-07-08,/contact,FR,tablet,22,28,50.92,228.74
2026-07-08,/contact,EU,desktop,121,214,49.43,63.39
2026-07-08,/contact,EU,mobile,119,178,49.49,285.14
2026-07-08,/contact,EU,tablet,24,40,61.25,79.40
2026-07-08,/contact,UK,desktop,116,167,37.84,122.11
2026-07-08,/contact,UK,mobile,120,195,30.72,255.45
2026-07-08,/contact,UK,tablet,22,37,39.61,261.90
2026-07-08,/contact,US,desktop,116,226,44.96,120.72
2026-07-08,/contact,US,mobile,116,237,38.38,184.30
2026-07-08,/contact,US,tablet,21,33,33.39,268.03
2026-07-08,/signup,FR,desktop,170,319,49.48,298.34
2026-07-08,/signup,FR,mobile,181,307,56.21,255.02
2026-07-08,/signup,FR,tablet,41,49,28.38,90.13
2026-07-08,/signup,EU,desktop,182,304,53.76,89.14
2026-07-08,/signup,EU,mobile,173,222,54.69,167.40
2026-07-08,/signup,EU,tablet,39,62,32.25,76.66
2026-07-08,/signup,UK,desktop,171,243,56.60,292.48
2026-07-08,/signup,UK,mobile,192,397,52.00,316.27
2026-07-08,/signup,UK,tablet,31,48,58.66,98.52
2026-07-08,/signup,US,desktop,181,236,59.46,130.13
2026-07-08,/signup,US,mobile,175,212,34.05,311.59
2026-07-08,/signup,US,tablet,31,62,59.90,264.85
2026-07-09,/,FR,desktop,444,544,30.27,260.71
2026-07-09,/,FR,mobile,430,589,55.26,98.81
2026-07-09,/,FR,tablet,98,121,36.70,292.64
2026-07-09,/,EU,desktop,461,874,52.70,63.44
2026-07-09,/,EU,mobile,473,969,31.51,257.00
2026-07-09,/,EU,tablet,91,124,33.83,233.77
2026-07-09,/,UK,desktop,439,670,56.96,117.25
2026-07-09,/,UK,mobile,435,722,40.39,254.51
2026-07-09,/,UK,tablet,103,140,37.60,250.85
2026-07-09,/,US,desktop,440,568,55.89,123.73
2026-07-09,/,US,mobile,491,700,47.12,262.82
2026-07-09,/,US,tablet,83,156,29.65,225.31
2026-07-09,/pricing,FR,desktop,303,401,41.15,243.86
2026-07-09,/pricing,FR,mobile,260,542,61.67,244.00
2026-07-09,/pricing,FR,tablet,56,101,35.53,248.51
2026-07-09,/pricing,EU,desktop,353,434,54.35,154.51
2026-07-09,/pricing,EU,mobile,285,415,33.33,270.08
2026-07-09,/pricing,EU,tablet,66,119,55.97,129.92
2026-07-09,/pricing,UK,desktop,321,576,57.89,114.13
2026-07-09,/pricing,UK,mobile,303,624,40.70,248.86
2026-07-09,/pricing,UK,tablet,52,103,48.08,105.56
2026-07-09,/pricing,US,desktop,325,533,31.74,224.04
2026-07-09,/pricing,US,mobile,246,303,43.35,205.91
2026-07-09,/pricing,US,tablet,52,89,54.03,296.99
2026-07-09,/product,FR,desktop,310,388,56.98,210.86
2026-07-09,/product,FR,mobile,316,544,49.48,270.59
2026-07-09,/product,FR,tablet,64,110,36.74,89.20
2026-07-09,/product,EU,desktop,349,463,61.31,112.26
2026-07-09,/product,EU,mobile,347,625,61.89,240.94
2026-07-09,/product,EU,tablet,59,112,45.12,217.49
2026-07-09,/product,UK,desktop,342,483,39.79,189.07
2026-07-09,/product,UK,mobile,331,628,42.24,120.79
2026-07-09,/product,UK,tablet,71,141,53.48,163.00
2026-07-09,/product,US,desktop,399,539,59.31,85.41
2026-07-09,/product,US,mobile,302,430,57.80,205.08
2026-07-09,/product,US,tablet,72,147,29.12,305.89
2026-07-09,/docs,FR,desktop,255,472,32.88,123.27
2026-07-09,/docs,FR,mobile,214,297,34.41,144.68
2026-07-09,/docs,FR,tablet,46,66,46.38,289.47
2026-07-09,/docs,EU,desktop,216,289,28.17,214.57
2026-07-09,/docs,EU,mobile,193,318,58.53,275.69
2026-07-09,/docs,EU,tablet,43,72,30.76,262.16
2026-07-09,/docs,UK,desktop,191,364,33.44,257.46
2026-07-09,/docs,UK,mobile,181,238,47.56,245.73
2026-07-09,/docs,UK,tablet,46,88,34.84,268.38
2026-07-09,/docs,US,desktop,228,359,43.39,215.51
2026-07-09,/docs,US,mobile,177,315,50.21,274.29
2026-07-09,/docs,US,tablet,38,57,32.20,167.87
2026-07-09,/blog/launch,FR,desktop,160,222,54.63,287.08
2026-07-09,/blog/launch,FR,mobile,152,220,29.50,186.83
2026-07-09,/blog/launch,FR,tablet,32,62,48.27,247.20
2026-07-09,/blog/launch,EU,desktop,176,275,30.19,241.46
2026-07-09,/blog/launch,EU,mobile,149,219,56.44,203.89
2026-07-09,/blog/launch,EU,tablet,31,54,38.20,294.30
2026-07-09,/blog/launch,UK,desktop,178,259,48.75,176.73
2026-07-09,/blog/launch,UK,mobile,120,245,47.86,315.01
2026-07-09,/blog/launch,UK,tablet,31,64,58.85,166.86
2026-07-09,/blog/launch,US,desktop,166,214,31.21,106.52
2026-07-09,/blog/launch,US,mobile,143,255,57.30,152.33
2026-07-09,/blog/launch,US,tablet,31,37,51.22,169.64
2026-07-09,/contact,FR,desktop,130,268,42.95,218.04
2026-07-09,/contact,FR,mobile,127,224,32.98,256.63
2026-07-09,/contact,FR,tablet,25,32,33.67,182.05
2026-07-09,/contact,EU,desktop,135,222,37.04,265.24
2026-07-09,/contact,EU,mobile,98,152,53.22,306.78
2026-07-09,/contact,EU,tablet,25,49,58.52,238.38
2026-07-09,/contact,UK,desktop,125,210,40.95,117.36
2026-07-09,/contact,UK,mobile,108,169,47.10,109.29
2026-07-09,/contact,UK,tablet,26,43,41.35,94.15
2026-07-09,/contact,US,desktop,130,268,45.80,261.01
2026-07-09,/contact,US,mobile,97,200,31.40,278.67
2026-07-09,/contact,US,tablet,27,46,28.35,242.09
2026-07-09,/signup,FR,desktop,170,265,28.37,142.78
2026-07-09,/signup,FR,mobile,150,216,46.78,64.17
2026-07-09,/signup,FR,tablet,36,62,32.05,189.55
2026-07-09,/signup,EU,desktop,164,335,33.08,163.31
2026-07-09,/signup,EU,mobile,161,247,54.17,273.12
2026-07-09,/signup,EU,tablet,32,44,44.76,157.66
2026-07-09,/signup,UK,desktop,218,397,40.66,194.45
2026-07-09,/signup,UK,mobile,163,335,51.55,314.11
2026-07-09,/signup,UK,tablet,36,48,37.73,79.32
2026-07-09,/signup,US,desktop,204,393,41.98,169.91
2026-07-09,/signup,US,mobile,190,385,48.80,196.54
2026-07-09,/signup,US,tablet,37,77,28.89,140.25
2026-07-10,/,FR,desktop,527,797,55.91,79.86
2026-07-10,/,FR,mobile,449,559,57.11,65.82
2026-07-10,/,FR,tablet,82,150,33.71,101.59
2026-07-10,/,EU,desktop,510,819,46.17,312.33
2026-07-10,/,EU,mobile,414,826,37.72,291.95
2026-07-10,/,EU,tablet,88,108,55.91,188.19
2026-07-10,/,UK,desktop,468,613,47.40,240.15
2026-07-10,/,UK,mobile,395,581,52.50,127.58
2026-07-10,/,UK,tablet,87,169,39.11,274.23
2026-07-10,/,US,desktop,481,707,42.96,75.09
2026-07-10,/,US,mobile,486,977,61.46,141.47
2026-07-10,/,US,tablet,89,145,34.73,185.58
2026-07-10,/pricing,FR,desktop,335,500,57.13,209.68
2026-07-10,/pricing,FR,mobile,313,399,28.37,125.46
2026-07-10,/pricing,FR,tablet,62,119,55.72,284.79
2026-07-10,/pricing,EU,desktop,294,380,58.41,138.42
2026-07-10,/pricing,EU,mobile,272,497,44.05,86.48
2026-07-10,/pricing,EU,tablet,60,77,58.84,269.06
2026-07-10,/pricing,UK,desktop,332,463,30.70,281.42
2026-07-10,/pricing,UK,mobile,244,321,37.88,150.27
2026-07-10,/pricing,UK,tablet,67,117,41.89,283.43
2026-07-10,/pricing,US,desktop,364,745,49.56,180.56
2026-07-10,/pricing,US,mobile,285,586,56.31,106.57
2026-07-10,/pricing,US,tablet,52,103,45.29,135.33
2026-07-10,/product,FR,desktop,314,624,45.28,298.89
2026-07-10,/product,FR,mobile,334,580,31.29,229.89
2026-07-10,/product,FR,tablet,73,128,39.30,157.37
2026-07-10,/product,EU,desktop,354,469,31.39,172.10
2026-07-10,/product,EU,mobile,349,557,42.42,209.91
2026-07-10,/product,EU,tablet,64,109,60.64,147.76
2026-07-10,/product,UK,desktop,326,657,58.01,90.24
2026-07-10,/product,UK,mobile,315,458,42.59,123.15
2026-07-10,/product,UK,tablet,66,119,49.51,166.42
2026-07-10,/product,US,desktop,389,586,44.51,77.39
2026-07-10,/product,US,mobile,286,367,28.84,174.15
2026-07-10,/product,US,tablet,64,111,34.15,126.59
2026-07-10,/docs,FR,desktop,247,475,50.08,109.67
2026-07-10,/docs,FR,mobile,175,330,41.26,114.25
2026-07-10,/docs,FR,tablet,42,69,28.03,116.37
2026-07-10,/docs,EU,desktop,216,388,38.93,81.90
2026-07-10,/docs,EU,mobile,219,301,43.63,129.12
2026-07-10,/docs,EU,tablet,43,76,29.34,295.76
2026-07-10,/docs,UK,desktop,254,347,59.91,83.64
2026-07-10,/docs,UK,mobile,196,242,57.91,207.40
2026-07-10,/docs,UK,tablet,43,89,30.28,280.27
2026-07-10,/docs,US,desktop,248,407,60.86,260.52
2026-07-10,/docs,US,mobile,193,233,58.97,86.22
2026-07-10,/docs,US,tablet,37,58,61.25,266.32
2026-07-10,/blog/launch,FR,desktop,178,217,30.60,261.12
2026-07-10,/blog/launch,FR,mobile,149,257,58.71,205.28
2026-07-10,/blog/launch,FR,tablet,34,42,57.19,203.22
2026-07-10,/blog/launch,EU,desktop,169,329,29.26,304.85
2026-07-10,/blog/launch,EU,mobile,132,222,60.84,219.50
2026-07-10,/blog/launch,EU,tablet,30,58,51.02,257.85
2026-07-10,/blog/launch,UK,desktop,166,238,34.33,78.83
2026-07-10,/blog/launch,UK,mobile,125,161,55.00,107.19
2026-07-10,/blog/launch,UK,tablet,25,45,30.78,106.22
2026-07-10,/blog/launch,US,desktop,158,291,28.13,177.99
2026-07-10,/blog/launch,US,mobile,153,223,53.58,298.01
2026-07-10,/blog/launch,US,tablet,26,39,46.32,134.65
2026-07-10,/contact,FR,desktop,125,187,33.01,74.75
2026-07-10,/contact,FR,mobile,98,183,41.63,194.83
2026-07-10,/contact,FR,tablet,22,42,49.58,292.92
2026-07-10,/contact,EU,desktop,137,253,40.03,64.62
2026-07-10,/contact,EU,mobile,114,154,36.14,297.29
2026-07-10,/contact,EU,tablet,25,50,31.55,199.26
2026-07-10,/contact,UK,desktop,133,161,30.20,312.21
2026-07-10,/contact,UK,mobile,102,213,54.84,99.32
2026-07-10,/contact,UK,tablet,26,43,45.05,216.57
2026-07-10,/contact,US,desktop,113,175,37.68,92.81
2026-07-10,/contact,US,mobile,112,177,37.53,231.39
2026-07-10,/contact,US,tablet,24,32,49.49,192.55
2026-07-10,/signup,FR,desktop,204,331,31.30,157.91
2026-07-10,/signup,FR,mobile,149,280,29.54,291.57
2026-07-10,/signup,FR,tablet,36,68,59.60,141.29
2026-07-10,/signup,EU,desktop,190,351,33.08,146.11
2026-07-10,/signup,EU,mobile,156,268,35.69,199.10
2026-07-10,/signup,EU,tablet,39,51,57.14,165.22
2026-07-10,/signup,UK,desktop,167,212,34.86,276.28
2026-07-10,/signup,UK,mobile,188,373,48.91,158.09
2026-07-10,/signup,UK,tablet,32,51,28.49,129.77
2026-07-10,/signup,US,desktop,214,425,60.96,100.36
2026-07-10,/signup,US,mobile,156,299,54.09,263.83
2026-07-10,/signup,US,tablet,31,53,57.63,112.80
2026-07-11,/,FR,desktop,388,774,55.32,167.27
2026-07-11,/,FR,mobile,289,556,29.49,99.35
2026-07-11,/,FR,tablet,59,79,46.09,76.29
2026-07-11,/,EU,desktop,412,639,34.36,170.67
2026-07-11,/,EU,mobile,285,400,39.94,247.17
2026-07-11,/,EU,tablet,61,101,37.37,180.02
2026-07-11,/,UK,desktop,329,588,33.51,113.92
2026-07-11,/,UK,mobile,283,428,50.31,98.92
2026-07-11,/,UK,tablet,69,109,28.01,127.11
2026-07-11,/,US,desktop,383,779,33.29,237.17
2026-07-11,/,US,mobile,345,556,46.91,134.89
2026-07-11,/,US,tablet,73,126,51.70,267.26
2026-07-11,/pricing,FR,desktop,212,400,55.18,279.05
2026-07-11,/pricing,FR,mobile,196,392,45.17,200.85
2026-07-11,/pricing,FR,tablet,44,91,60.90,144.86
2026-07-11,/pricing,EU,desktop,249,469,33.50,318.53
2026-07-11,/pricing,EU,mobile,189,383,36.39,75.62
2026-07-11,/pricing,EU,tablet,43,83,48.99,90.08
2026-07-11,/pricing,UK,desktop,208,354,39.09,141.83
2026-07-11,/pricing,UK,mobile,195,408,44.31,246.79
2026-07-11,/pricing,UK,tablet,37,48,56.72,98.63
2026-07-11,/pricing,US,desktop,228,317,54.59,198.62
2026-07-11,/pricing,US,mobile,168,308,35.84,155.78
2026-07-11,/pricing,US,tablet,42,67,36.97,284.27
2026-07-11,/product,FR,desktop,218,294,52.94,275.75
2026-07-11,/product,FR,mobile,241,452,36.89,163.44
2026-07-11,/product,FR,tablet,40,72,46.82,125.07
2026-07-11,/product,EU,desktop,227,303,37.12,291.24
2026-07-11,/product,EU,mobile,234,328,43.19,282.53
2026-07-11,/product,EU,tablet,50,95,45.94,178.13
2026-07-11,/product,UK,desktop,264,405,53.92,88.95
2026-07-11,/product,UK,mobile,222,266,39.99,284.41
2026-07-11,/product,UK,tablet,50,98,38.38,119.31
2026-07-11,/product,US,desktop,231,351,35.74,285.67
2026-07-11,/product,US,mobile,228,448,61.50,173.37
2026-07-11,/product,US,tablet,49,94,54.33,98.22
2026-07-11,/docs,FR,desktop,170,232,57.00,258.09
2026-07-11,/docs,FR,mobile,123,234,46.29,208.59
2026-07-11,/docs,FR,tablet,28,37,55.61,162.10
2026-07-11,/docs,EU,desktop,135,172,47.12,174.78
2026-07-11,/docs,EU,mobile,149,288,29.68,139.39
2026-07-11,/docs,EU,tablet,33,54,45.38,111.79
2026-07-11,/docs,UK,desktop,137,238,56.64,176.23
2026-07-11,/docs,UK,mobile,133,269,36.04,217.51
2026-07-11,/docs,UK,tablet,29,43,32.51,288.40
2026-07-11,/docs,US,desktop,146,245,58.62,186.31
2026-07-11,/docs,US,mobile,135,251,47.29,206.04
2026-07-11,/docs,US,tablet,28,52,39.97,163.63
2026-07-11,/blog/launch,FR,desktop,110,182,30.30,136.26
2026-07-11,/blog/launch,FR,mobile,96,194,56.49,211.81
2026-07-11,/blog/launch,FR,tablet,23,40,55.28,214.66
2026-07-11,/blog/launch,EU,desktop,104,185,48.24,308.19
2026-07-11,/blog/launch,EU,mobile,110,214,32.14,71.01
2026-07-11,/blog/launch,EU,tablet,18,27,35.75,133.10
2026-07-11,/blog/launch,UK,desktop,102,159,44.15,86.96
2026-07-11,/blog/launch,UK,mobile,88,163,46.02,285.38
2026-07-11,/blog/launch,UK,tablet,23,28,61.65,283.42
2026-07-11,/blog/launch,US,desktop,97,186,58.15,310.70
2026-07-11,/blog/launch,US,mobile,107,177,32.59,88.00
2026-07-11,/blog/launch,US,tablet,21,32,53.51,108.10
2026-07-11,/contact,FR,desktop,97,132,41.04,103.04
2026-07-11,/contact,FR,mobile,75,154,35.05,60.83
2026-07-11,/contact,FR,tablet,16,22,28.23,82.28
2026-07-11,/contact,EU,desktop,97,131,28.37,187.46
2026-07-11,/contact,EU,mobile,70,126,38.26,164.14
2026-07-11,/contact,EU,tablet,15,21,46.42,161.03
2026-07-11,/contact,UK,desktop,79,118,60.31,263.57
2026-07-11,/contact,UK,mobile,70,86,31.10,108.89
2026-07-11,/contact,UK,tablet,17,32,48.40,180.12
2026-07-11,/contact,US,desktop,79,110,60.79,257.10
2026-07-11,/contact,US,mobile,80,122,35.10,139.54
2026-07-11,/contact,US,tablet,14,29,29.83,183.32
2026-07-11,/signup,FR,desktop,140,259,29.28,117.02
2026-07-11,/signup,FR,mobile,131,240,34.17,96.75
2026-07-11,/signup,FR,tablet,21,36,50.95,95.00
2026-07-11,/signup,EU,desktop,153,237,35.39,139.51
2026-07-11,/signup,EU,mobile,114,221,45.46,305.76
2026-07-11,/signup,EU,tablet,24,48,44.41,183.26
2026-07-11,/signup,UK,desktop,115,222,42.05,182.98
2026-07-11,/signup,UK,mobile,108,133,51.89,91.03
2026-07-11,/signup,UK,tablet,22,39,44.67,178.70
2026-07-11,/signup,US,desktop,145,200,41.80,178.26
2026-07-11,/signup,US,mobile,120,168,46.98,252.54
2026-07-11,/signup,US,tablet,27,37,61.04,153.07
2026-07-12,/,FR,desktop,401,604,46.30,77.23
2026-07-12,/,FR,mobile,343,687,37.03,298.47
2026-07-12,/,FR,tablet,63,94,58.37,172.37
2026-07-12,/,EU,desktop,344,673,35.64,61.23
2026-07-12,/,EU,mobile,305,509,35.55,136.48
2026-07-12,/,EU,tablet,58,115,42.94,232.17
2026-07-12,/,UK,desktop,320,462,60.89,259.48
2026-07-12,/,UK,mobile,337,628,55.71,273.15
2026-07-12,/,UK,tablet,59,83,34.50,161.62
2026-07-12,/,US,desktop,399,808,45.11,234.85
2026-07-12,/,US,mobile,313,586,39.91,97.34
2026-07-12,/,US,tablet,67,128,32.00,96.62
2026-07-12,/pricing,FR,desktop,194,361,51.03,102.89
2026-07-12,/pricing,FR,mobile,205,283,33.61,127.01
2026-07-12,/pricing,FR,tablet,37,74,61.17,277.37
2026-07-12,/pricing,EU,desktop,237,464,46.83,146.01
2026-07-12,/pricing,EU,mobile,197,371,31.60,246.72
2026-07-12,/pricing,EU,tablet,44,67,60.13,82.44
2026-07-12,/pricing,UK,desktop,231,345,44.91,116.85
2026-07-12,/pricing,UK,mobile,176,306,32.65,111.50
2026-07-12,/pricing,UK,tablet,47,73,60.02,234.35
2026-07-12,/pricing,US,desktop,229,359,53.62,249.90
2026-07-12,/pricing,US,mobile,216,358,60.06,74.82
2026-07-12,/pricing,US,tablet,43,89,45.80,205.57
2026-07-12,/product,FR,desktop,257,502,56.95,248.49
2026-07-12,/product,FR,mobile,242,322,35.99,208.80
2026-07-12,/product,FR,tablet,51,64,61.77,101.76
2026-07-12,/product,EU,desktop,236,444,34.62,125.85
2026-07-12,/product,EU,mobile,243,474,42.73,77.46
2026-07-12,/product,EU,tablet,43,53,49.78,275.59
2026-07-12,/product,UK,desktop,212,435,52.78,233.85
2026-07-12,/product,UK,mobile,195,245,40.99,187.34
2026-07-12,/product,UK,tablet,40,61,50.03,176.42
2026-07-12,/product,US,desktop,270,561,57.62,183.68
2026-07-12,/product,US,mobile,183,365,34.23,61.80
2026-07-12,/product,US,tablet,52,102,44.45,267.07
2026-07-12,/docs,FR,desktop,152,254,37.32,308.77
2026-07-12,/docs,FR,mobile,137,202,28.69,280.93
2026-07-12,/docs,FR,tablet,33,43,31.14,270.71
2026-07-12,/docs,EU,desktop,175,235,60.46,200.20
2026-07-12,/docs,EU,mobile,133,168,41.25,184.52
2026-07-12,/docs,EU,tablet,26,36,54.20,260.31
2026-07-12,/docs,UK,desktop,154,260,55.07,249.42
2026-07-12,/docs,UK,mobile,130,240,29.38,292.04
2026-07-12,/docs,UK,tablet,30,55,55.63,254.81
2026-07-12,/docs,US,desktop,175,332,49.06,73.15
2026-07-12,/docs,US,mobile,143,288,31.13,318.69
2026-07-12,/docs,US,tablet,29,55,30.03,217.10
2026-07-12,/blog/launch,FR,desktop,101,159,50.09,163.59
2026-07-12,/blog/launch,FR,mobile,109,218,31.95,318.70
2026-07-12,/blog/launch,FR,tablet,21,38,50.58,63.94
2026-07-12,/blog/launch,EU,desktop,102,175,48.30,205.05
2026-07-12,/blog/launch,EU,mobile,102,123,51.25,122.91
2026-07-12,/blog/launch,EU,tablet,24,35,34.23,76.29
2026-07-12,/blog/launch,UK,desktop,128,267,44.90,60.25
2026-07-12,/blog/launch,UK,mobile,89,181,30.55,316.45
2026-07-12,/blog/launch,UK,tablet,21,35,44.65,227.13
2026-07-12,/blog/launch,US,desktop,115,163,31.75,70.52
2026-07-12,/blog/launch,US,mobile,109,168,58.52,224.38
2026-07-12,/blog/launch,US,tablet,21,39,45.05,113.42
2026-07-12,/contact,FR,desktop,95,173,48.25,123.77
2026-07-12,/contact,FR,mobile,84,151,47.12,256.25
2026-07-12,/contact,FR,tablet,15,25,37.34,272.78
2026-07-12,/contact,EU,desktop,87,146,46.23,233.88
2026-07-12,/contact,EU,mobile,83,139,36.48,91.09
2026-07-12,/contact,EU,tablet,17,29,30.67,282.30
2026-07-12,/contact,UK,desktop,89,141,35.17,109.12
2026-07-12,/contact,UK,mobile,80,136,36.83,61.37
2026-07-12,/contact,UK,tablet,18,23,35.77,85.32
2026-07-12,/contact,US,desktop,87,107,35.49,310.73
2026-07-12,/contact,US,mobile,77,132,51.33,259.90
2026-07-12,/contact,US,tablet,19,34,45.03,83.94
2026-07-12,/signup,FR,desktop,151,227,51.91,270.70
2026-07-12,/signup,FR,mobile,106,136,34.96,79.91
2026-07-12,/signup,FR,tablet,25,52,56.82,285.70
2026-07-12,/signup,EU,desktop,147,210,56.95,275.74
2026-07-12,/signup,EU,mobile,124,162,41.99,279.60
2026-07-12,/signup,EU,tablet,25,30,61.38,294.31
2026-07-12,/signup,UK,desktop,144,263,33.60,105.00
2026-07-12,/signup,UK,mobile,105,160,56.20,284.30
2026-07-12,/signup,UK,tablet,27,51,32.73,272.98
2026-07-12,/signup,US,desktop,148,244,49.81,285.06
2026-07-12,/signup,US,mobile,107,224,34.29,98.46
2026-07-12,/signup,US,tablet,24,29,31.12,276.40
2026-07-13,/,FR,desktop,485,851,57.66,237.13
2026-07-13,/,FR,mobile,407,668,50.03,119.22
2026-07-13,/,FR,tablet,102,173,57.13,174.03
2026-07-13,/,EU,desktop,537,1032,55.64,312.31
2026-07-13,/,EU,mobile,474,579,45.11,221.27
2026-07-13,/,EU,tablet,89,119,58.85,294.37
2026-07-13,/,UK,desktop,493,659,48.60,209.30
2026-07-13,/,UK,mobile,410,634,47.17,224.37
2026-07-13,/,UK,tablet,99,142,34.25,61.37
2026-07-13,/,US,desktop,495,861,42.15,177.77
2026-07-13,/,US,mobile,407,631,57.40,226.02
2026-07-13,/,US,tablet,109,183,59.33,294.81
2026-07-13,/pricing,FR,desktop,309,486,55.77,120.16
2026-07-13,/pricing,FR,mobile,300,396,42.22,195.91
2026-07-13,/pricing,FR,tablet,53,95,34.67,184.19
2026-07-13,/pricing,EU,desktop,323,568,39.43,158.80
2026-07-13,/pricing,EU,mobile,289,603,52.28,249.62
2026-07-13,/pricing,EU,tablet,57,81,53.15,242.64
2026-07-13,/pricing,UK,desktop,284,359,30.59,263.12
2026-07-13,/pricing,UK,mobile,309,581,45.07,107.81
2026-07-13,/pricing,UK,tablet,55,83,30.91,239.22
2026-07-13,/pricing,US,desktop,302,380,46.06,197.51
2026-07-13,/pricing,US,mobile,244,324,50.90,172.54
2026-07-13,/pricing,US,tablet,62,85,36.53,283.86
2026-07-13,/product,FR,desktop,343,475,47.00,282.03
2026-07-13,/product,FR,mobile,316,420,40.28,288.19
2026-07-13,/product,FR,tablet,63,126,44.69,211.81
2026-07-13,/product,EU,desktop,311,551,54.82,105.08
2026-07-13,/product,EU,mobile,325,678,35.61,120.56
2026-07-13,/product,EU,tablet,56,77,36.41,252.75
2026-07-13,/product,UK,desktop,380,486,30.63,116.40
2026-07-13,/product,UK,mobile,290,408,42.63,216.30
2026-07-13,/product,UK,tablet,75,138,55.21,109.53
2026-07-13,/product,US,desktop,392,658,33.65,143.49
2026-07-13,/product,US,mobile,271,459,50.58,155.96
2026-07-13,/product,US,tablet,66,126,60.86,234.72
2026-07-13,/docs,FR,desktop,224,335,55.73,262.32
2026-07-13,/docs,FR,mobile,194,314,52.14,170.62
2026-07-13,/docs,FR,tablet,36,48,42.14,199.41
2026-07-13,/docs,EU,desktop,206,261,49.29,214.72
2026-07-13,/docs,EU,mobile,223,428,54.75,129.86
2026-07-13,/docs,EU,tablet,41,78,36.34,301.35
2026-07-13,/docs,UK,desktop,203,329,40.60,124.48
2026-07-13,/docs,UK,mobile,191,338,60.60,239.89
2026-07-13,/docs,UK,tablet,39,69,49.51,84.15
2026-07-13,/docs,US,desktop,251,360,60.75,299.67
2026-07-13,/docs,US,mobile,208,348,33.77,146.54
2026-07-13,/docs,US,tablet,36,55,47.35,71.58
2026-07-13,/blog/launch,FR,desktop,175,224,39.36,260.24
2026-07-13,/blog/launch,FR,mobile,157,324,52.58,267.57
2026-07-13,/blog/launch,FR,tablet,29,37,35.78,178.37
2026-07-13,/blog/launch,EU,desktop,144,198,48.81,226.40
2026-07-13,/blog/launch,EU,mobile,142,275,30.12,319.89
2026-07-13,/blog/launch,EU,tablet,31,41,50.15,112.43
2026-07-13,/blog/launch,UK,desktop,177,256,36.95,173.56
2026-07-13,/blog/launch,UK,mobile,121,191,57.00,60.41
2026-07-13,/blog/launch,UK,tablet,34,57,61.80,193.43
2026-07-13,/blog/launch,US,desktop,148,261,48.89,259.82
2026-07-13,/blog/launch,US,mobile,139,184,32.48,196.70
2026-07-13,/blog/launch,US,tablet,30,55,31.47,156.46
2026-07-13,/contact,FR,desktop,135,262,48.55,300.56
2026-07-13,/contact,FR,mobile,124,209,48.46,127.92
2026-07-13,/contact,FR,tablet,20,34,49.68,154.06
2026-07-13,/contact,EU,desktop,122,212,47.68,60.13
2026-07-13,/contact,EU,mobile,118,192,39.30,127.13
2026-07-13,/contact,EU,tablet,27,43,53.84,238.40
2026-07-13,/contact,UK,desktop,129,220,37.43,103.91
2026-07-13,/contact,UK,mobile,128,225,54.08,206.00
2026-07-13,/contact,UK,tablet,22,42,47.88,281.70
2026-07-13,/contact,US,desktop,116,146,51.70,272.20
2026-07-13,/contact,US,mobile,128,158,57.63,154.43
2026-07-13,/contact,US,tablet,27,55,31.59,171.72
2026-07-13,/signup,FR,desktop,214,326,41.42,145.10
2026-07-13,/signup,FR,mobile,182,255,50.86,230.42
2026-07-13,/signup,FR,tablet,31,48,35.19,180.68
2026-07-13,/signup,EU,desktop,203,405,31.71,105.91
2026-07-13,/signup,EU,mobile,161,211,51.51,262.32
2026-07-13,/signup,EU,tablet,40,55,44.76,184.13
2026-07-13,/signup,UK,desktop,214,272,38.51,218.77
2026-07-13,/signup,UK,mobile,149,274,45.51,142.96
2026-07-13,/signup,UK,tablet,34,51,40.29,136.48
2026-07-13,/signup,US,desktop,195,241,50.80,187.94
2026-07-13,/signup,US,mobile,161,307,46.28,181.05
2026-07-13,/signup,US,tablet,30,61,45.17,111.19
2026-07-14,/,FR,desktop,511,713,31.01,303.78
2026-07-14,/,FR,mobile,501,610,35.69,118.27
2026-07-14,/,FR,tablet,100,198,55.07,121.98
2026-07-14,/,EU,desktop,553,992,44.17,287.15
2026-07-14,/,EU,mobile,405,692,59.44,241.12
2026-07-14,/,EU,tablet,88,180,39.54,308.92
2026-07-14,/,UK,desktop,532,1077,38.10,315.94
2026-07-14,/,UK,mobile,390,475,58.54,273.80
2026-07-14,/,UK,tablet,89,174,40.38,301.09
2026-07-14,/,US,desktop,459,634,28.82,234.67
2026-07-14,/,US,mobile,432,871,60.87,65.11
2026-07-14,/,US,tablet,90,168,51.62,175.83
2026-07-14,/pricing,FR,desktop,285,489,44.64,79.72
2026-07-14,/pricing,FR,mobile,314,427,44.73,289.48
2026-07-14,/pricing,FR,tablet,65,114,47.23,149.56
2026-07-14,/pricing,EU,desktop,335,541,57.05,276.77
2026-07-14,/pricing,EU,mobile,313,481,39.39,66.95
2026-07-14,/pricing,EU,tablet,68,124,41.50,177.66
2026-07-14,/pricing,UK,desktop,357,714,53.22,262.97
2026-07-14,/pricing,UK,mobile,280,467,47.05,281.58
2026-07-14,/pricing,UK,tablet,63,125,48.72,182.24
2026-07-14,/pricing,US,desktop,285,472,61.99,314.35
2026-07-14,/pricing,US,mobile,268,341,45.53,76.75
2026-07-14,/pricing,US,tablet,63,114,34.68,100.76
2026-07-14,/product,FR,desktop,357,627,51.66,312.04
2026-07-14,/product,FR,mobile,268,434,30.08,110.34
2026-07-14,/product,FR,tablet,71,147,50.42,138.32
2026-07-14,/product,EU,desktop,387,502,49.54,292.73
2026-07-14,/product,EU,mobile,315,402,31.44,268.55
2026-07-14,/product,EU,tablet,61,78,34.56,178.65
2026-07-14,/product,UK,desktop,331,653,39.93,295.34
2026-07-14,/product,UK,mobile,324,430,56.98,319.91
2026-07-14,/product,UK,tablet,69,128,44.74,127.17
2026-07-14,/product,US,desktop,399,560,44.68,278.86
2026-07-14,/product,US,mobile,348,466,32.29,272.32
2026-07-14,/product,US,tablet,68,122,54.94,180.22
2026-07-14,/docs,FR,desktop,234,375,61.92,133.39
2026-07-14,/docs,FR,mobile,206,304,31.58,174.50
2026-07-14,/docs,FR,tablet,43,56,30.05,157.15
2026-07-14,/docs,EU,desktop,197,286,58.15,162.77
2026-07-14,/docs,EU,mobile,183,359,53.40,127.39
2026-07-14,/docs,EU,tablet,43,68,31.83,190.13
2026-07-14,/docs,UK,desktop,202,321,43.60,222.78
2026-07-14,/docs,UK,mobile,183,258,41.19,93.24
2026-07-14,/docs,UK,tablet,41,55,30.97,128.90
2026-07-14,/docs,US,desktop,207,405,42.62,127.29
2026-07-14,/docs,US,mobile,190,370,46.93,65.36
2026-07-14,/docs,US,tablet,43,51,38.14,177.77
2026-07-14,/blog/launch,FR,desktop,165,280,31.08,225.71
2026-07-14,/blog/launch,FR,mobile,150,183,47.08,270.69
2026-07-14,/blog/launch,FR,tablet,27,47,29.09,262.84
2026-07-14,/blog/launch,EU,desktop,153,190,50.85,119.48
2026-07-14,/blog/launch,EU,mobile,136,184,59.15,235.05
2026-07-14,/blog/launch,EU,tablet,28,55,60.40,63.68
2026-07-14,/blog/launch,UK,desktop,156,249,36.98,98.43
2026-07-14,/blog/launch,UK,mobile,121,246,42.53,303.95
2026-07-14,/blog/launch,UK,tablet,29,39,45.07,141.76
2026-07-14,/blog/launch,US,desktop,173,324,43.17,111.64
2026-07-14,/blog/launch,US,mobile,155,299,50.42,264.02
2026-07-14,/blog/launch,US,tablet,26,37,44.78,166.52
2026-07-14,/contact,FR,desktop,122,217,56.15,219.82
2026-07-14,/contact,FR,mobile,116,223,50.70,265.31
2026-07-14,/contact,FR,tablet,25,47,37.97,202.10
2026-07-14,/contact,EU,desktop,126,192,56.35,218.83
2026-07-14,/contact,EU,mobile,107,150,59.08,131.88
2026-07-14,/contact,EU,tablet,21,32,57.60,259.67
2026-07-14,/contact,UK,desktop,142,177,38.05,201.38
2026-07-14,/contact,UK,mobile,120,240,28.17,107.20
2026-07-14,/contact,UK,tablet,24,38,51.43,240.38
2026-07-14,/contact,US,desktop,121,184,55.01,198.15
2026-07-14,/contact,US,mobile,126,193,42.16,273.16
2026-07-14,/contact,US,tablet,21,29,33.22,145.10
2026-07-14,/signup,FR,desktop,174,315,37.62,186.91
2026-07-14,/signup,FR,mobile,143,275,39.54,296.07
2026-07-14,/signup,FR,tablet,35,66,30.76,269.49
2026-07-14,/signup,EU,desktop,204,346,30.28,133.48
2026-07-14,/signup,EU,mobile,175,242,53.32,64.76
2026-07-14,/signup,EU,tablet,40,50,60.54,181.18
2026-07-14,/signup,UK,desktop,194,328,32.59,93.21
2026-07-14,/signup,UK,mobile,149,245,41.57,92.54
2026-07-14,/signup,UK,tablet,37,51,29.24,70.74
2026-07-14,/signup,US,desktop,218,406,48.70,62.05
2026-07-14,/signup,US,mobile,191,302,50.10,154.82
2026-07-14,/signup,US,tablet,31,45,44.85,290.59
2026-07-15,/,FR,desktop,553,715,61.82,126.88
2026-07-15,/,FR,mobile,400,702,60.97,221.65
2026-07-15,/,FR,tablet,97,187,36.70,157.67
2026-07-15,/,EU,desktop,575,837,29.31,195.54
2026-07-15,/,EU,mobile,445,867,30.78,138.12
2026-07-15,/,EU,tablet,108,175,34.10,144.89
2026-07-15,/,UK,desktop,545,776,41.43,244.08
2026-07-15,/,UK,mobile,470,976,34.57,77.74
2026-07-15,/,UK,tablet,93,180,35.45,239.86
2026-07-15,/,US,desktop,531,1087,48.66,275.12
2026-07-15,/,US,mobile,487,766,33.57,297.07
2026-07-15,/,US,tablet,81,114,38.20,185.32
2026-07-15,/pricing,FR,desktop,272,488,53.92,164.39
2026-07-15,/pricing,FR,mobile,303,406,50.67,299.36
2026-07-15,/pricing,FR,tablet,65,94,55.16,131.29
2026-07-15,/pricing,EU,desktop,329,453,29.98,174.64
2026-07-15,/pricing,EU,mobile,316,416,52.45,291.19
2026-07-15,/pricing,EU,tablet,67,109,60.31,122.35
2026-07-15,/pricing,UK,desktop,342,481,44.48,236.29
2026-07-15,/pricing,UK,mobile,308,382,53.87,286.32
2026-07-15,/pricing,UK,tablet,60,88,51.90,72.22
2026-07-15,/pricing,US,desktop,321,473,39.92,69.90
2026-07-15,/pricing,US,mobile,272,462,50.70,308.94
2026-07-15,/pricing,US,tablet,60,91,33.36,217.13
2026-07-15,/product,FR,desktop,301,456,29.49,146.97
2026-07-15,/product,FR,mobile,320,480,48.57,223.43
2026-07-15,/product,FR,tablet,66,105,56.39,215.51
2026-07-15,/product,EU,desktop,397,610,39.96,302.36
2026-07-15,/product,EU,mobile,281,410,47.40,220.56
2026-07-15,/product,EU,tablet,63,99,57.86,116.03
2026-07-15,/product,UK,desktop,317,446,46.39,247.91
2026-07-15,/product,UK,mobile,322,579,29.18,295.48
2026-07-15,/product,UK,tablet,64,101,49.70,67.04
2026-07-15,/product,US,desktop,350,493,38.36,123.45
2026-07-15,/product,US,mobile,313,522,35.14,317.40
2026-07-15,/product,US,tablet,70,128,35.36,118.07
2026-07-15,/docs,FR,desktop,197,295,51.45,256.62
2026-07-15,/docs,FR,mobile,183,278,53.23,136.44
2026-07-15,/docs,FR,tablet,38,48,59.37,306.68
2026-07-15,/docs,EU,desktop,223,446,61.64,301.64
2026-07-15,/docs,EU,mobile,213,279,56.74,228.51
2026-07-15,/docs,EU,tablet,42,69,57.42,295.74
2026-07-15,/docs,UK,desktop,192,348,58.53,255.98
2026-07-15,/docs,UK,mobile,184,363,46.31,105.61
2026-07-15,/docs,UK,tablet,44,56,59.74,109.63
2026-07-15,/docs,US,desktop,195,276,31.16,305.69
2026-07-15,/docs,US,mobile,170,207,61.04,181.50
2026-07-15,/docs,US,tablet,38,76,47.03,255.50
2026-07-15,/blog/launch,FR,desktop,183,306,37.60,184.63
2026-07-15,/blog/launch,FR,mobile,147,268,58.90,301.11
2026-07-15,/blog/launch,FR,tablet,30,46,39.93,125.31
2026-07-15,/blog/launch,EU,desktop,178,291,61.85,101.43
2026-07-15,/blog/launch,EU,mobile,148,182,33.34,114.83
2026-07-15,/blog/launch,EU,tablet,28,35,57.54,207.17
2026-07-15,/blog/launch,UK,desktop,176,328,51.41,119.56
2026-07-15,/blog/launch,UK,mobile,154,248,45.16,166.12
2026-07-15,/blog/launch,UK,tablet,31,54,40.92,86.42
2026-07-15,/blog/launch,US,desktop,157,200,61.99,116.22
2026-07-15,/blog/launch,US,mobile,126,174,46.96,93.82
2026-07-15,/blog/launch,US,tablet,29,57,47.14,297.61
2026-07-15,/contact,FR,desktop,139,201,36.35,229.54
2026-07-15,/contact,FR,mobile,109,211,49.42,307.81
2026-07-15,/contact,FR,tablet,26,31,43.13,171.62
2026-07-15,/contact,EU,desktop,120,217,37.65,192.59
2026-07-15,/contact,EU,mobile,113,172,32.54,78.17
2026-07-15,/contact,EU,tablet,24,35,34.98,149.99
2026-07-15,/contact,UK,desktop,109,173,51.99,225.73
2026-07-15,/contact,UK,mobile,118,171,46.15,309.74
2026-07-15,/contact,UK,tablet,24,46,41.14,187.51
2026-07-15,/contact,US,desktop,124,231,52.79,274.62
2026-07-15,/contact,US,mobile,107,162,31.81,123.80
2026-07-15,/contact,US,tablet,26,53,52.45,251.28
2026-07-15,/signup,FR,desktop,177,309,41.97,291.86
2026-07-15,/signup,FR,mobile,187,353,43.63,64.21
2026-07-15,/signup,FR,tablet,31,56,40.17,191.57
2026-07-15,/signup,EU,desktop,209,437,35.41,176.07
2026-07-15,/signup,EU,mobile,170,240,40.34,103.63
2026-07-15,/signup,EU,tablet,39,75,51.61,242.22
2026-07-15,/signup,UK,desktop,172,273,59.81,148.93
2026-07-15,/signup,UK,mobile,182,311,35.25,261.91
2026-07-15,/signup,UK,tablet,31,63,59.59,68.40
2026-07-15,/signup,US,desktop,163,299,61.34,79.18
2026-07-15,/signup,US,mobile,184,356,46.46,286.88
2026-07-15,/signup,US,tablet,31,43,49.20,83.81
2026-07-16,/,FR,desktop,487,942,54.51,74.69
2026-07-16,/,FR,mobile,439,683,51.06,147.95
2026-07-16,/,FR,tablet,97,122,36.27,83.19
2026-07-16,/,EU,desktop,442,622,57.02,179.25
2026-07-16,/,EU,mobile,433,761,61.01,115.83
2026-07-16,/,EU,tablet,93,127,56.89,106.31
2026-07-16,/,UK,desktop,519,1055,41.84,79.14
2026-07-16,/,UK,mobile,418,722,28.00,100.39
2026-07-16,/,UK,tablet,97,161,59.44,277.30
2026-07-16,/,US,desktop,475,780,38.45,208.90
2026-07-16,/,US,mobile,455,655,60.48,122.58
2026-07-16,/,US,tablet,104,130,54.16,152.75
2026-07-16,/pricing,FR,desktop,297,361,42.19,215.03
2026-07-16,/pricing,FR,mobile,313,511,55.53,282.98
2026-07-16,/pricing,FR,tablet,66,131,40.48,233.23
2026-07-16,/pricing,EU,desktop,302,567,53.82,217.49
2026-07-16,/pricing,EU,mobile,249,498,47.36,66.15
2026-07-16,/pricing,EU,tablet,51,98,40.59,135.55
2026-07-16,/pricing,UK,desktop,299,441,59.50,278.03
2026-07-16,/pricing,UK,mobile,268,411,51.13,259.23
2026-07-16,/pricing,UK,tablet,62,124,31.80,187.81
2026-07-16,/pricing,US,desktop,323,609,35.77,251.73
2026-07-16,/pricing,US,mobile,254,309,44.73,285.28
2026-07-16,/pricing,US,tablet,64,97,32.74,175.59
2026-07-16,/product,FR,desktop,356,739,54.51,103.92
2026-07-16,/product,FR,mobile,296,548,53.03,197.92
2026-07-16,/product,FR,tablet,63,78,32.38,182.57
2026-07-16,/product,EU,desktop,312,618,45.32,219.10
2026-07-16,/product,EU,mobile,267,354,50.61,87.50
2026-07-16,/product,EU,tablet,57,99,46.98,100.75
2026-07-16,/product,UK,desktop,400,815,50.17,188.05
2026-07-16,/product,UK,mobile,300,448,35.20,264.50
2026-07-16,/product,UK,tablet,68,134,38.50,199.10
2026-07-16,/product,US,desktop,384,569,56.97,294.57
2026-07-16,/product,US,mobile,334,624,44.13,307.62
2026-07-16,/product,US,tablet,56,98,41.78,131.71
2026-07-16,/docs,FR,desktop,245,326,38.25,295.73
2026-07-16,/docs,FR,mobile,174,319,53.69,258.80
2026-07-16,/docs,FR,tablet,47,98,39.29,276.91
2026-07-16,/docs,EU,desktop,228,307,53.73,60.12
2026-07-16,/docs,EU,mobile,221,412,61.68,61.00
2026-07-16,/docs,EU,tablet,38,66,56.10,202.19
2026-07-16,/docs,UK,desktop,200,249,28.02,231.76
2026-07-16,/docs,UK,mobile,209,427,56.97,153.01
2026-07-16,/docs,UK,tablet,38,59,47.26,295.80
2026-07-16,/docs,US,desktop,239,352,36.26,102.74
2026-07-16,/docs,US,mobile,215,411,29.74,77.80
2026-07-16,/docs,US,tablet,41,70,40.81,147.54
2026-07-16,/blog/launch,FR,desktop,173,279,38.07,195.94
2026-07-16,/blog/launch,FR,mobile,136,234,32.69,192.08
2026-07-16,/blog/launch,FR,tablet,27,36,57.73,172.59
2026-07-16,/blog/launch,EU,desktop,176,275,30.68,317.63
2026-07-16,/blog/launch,EU,mobile,126,240,49.44,297.52
2026-07-16,/blog/launch,EU,tablet,32,65,29.85,254.64
2026-07-16,/blog/launch,UK,desktop,183,262,55.74,255.29
2026-07-16,/blog/launch,UK,mobile,152,182,53.05,221.43
2026-07-16,/blog/launch,UK,tablet,28,35,58.92,80.99
2026-07-16,/blog/launch,US,desktop,142,182,35.21,61.35
2026-07-16,/blog/launch,US,mobile,125,206,57.19,250.47
2026-07-16,/blog/launch,US,tablet,28,43,45.64,240.72
2026-07-16,/contact,FR,desktop,135,190,57.98,94.46
2026-07-16,/contact,FR,mobile,110,185,35.34,300.79
2026-07-16,/contact,FR,tablet,24,32,55.03,89.04
2026-07-16,/contact,EU,desktop,143,299,31.52,170.74
2026-07-16,/contact,EU,mobile,115,190,43.33,67.44
2026-07-16,/contact,EU,tablet,22,40,42.49,272.05
2026-07-16,/contact,UK,desktop,127,180,51.83,287.20
2026-07-16,/contact,UK,mobile,125,195,61.69,188.42
2026-07-16,/contact,UK,tablet,26,35,40.99,156.06
2026-07-16,/contact,US,desktop,121,154,54.89,244.88
2026-07-16,/contact,US,mobile,100,186,57.38,285.73
2026-07-16,/contact,US,tablet,26,39,28.24,267.66
2026-07-16,/signup,FR,desktop,194,251,49.27,88.62
2026-07-16,/signup,FR,mobile,186,279,61.93,266.75
2026-07-16,/signup,FR,tablet,34,50,58.29,219.45
2026-07-16,/signup,EU,desktop,182,333,58.84,112.12
2026-07-16,/signup,EU,mobile,172,246,46.29,242.61
2026-07-16,/signup,EU,tablet,36,66,44.99,281.78
2026-07-16,/signup,UK,desktop,203,317,30.48,190.23
2026-07-16,/signup,UK,mobile,181,253,55.80,269.43
2026-07-16,/signup,UK,tablet,41,67,50.66,106.10
2026-07-16,/signup,US,desktop,186,304,52.43,207.07
2026-07-16,/signup,US,mobile,170,349,58.31,196.14
2026-07-16,/signup,US,tablet,33,45,43.02,159.92
2026-07-17,/,FR,desktop,551,890,32.93,192.29
2026-07-17,/,FR,mobile,419,844,28.73,261.76
2026-07-17,/,FR,tablet,87,115,36.01,220.78
2026-07-17,/,EU,desktop,456,720,45.19,87.54
2026-07-17,/,EU,mobile,410,550,55.11,88.30
2026-07-17,/,EU,tablet,97,173,51.28,117.12
2026-07-17,/,UK,desktop,479,991,49.64,147.71
2026-07-17,/,UK,mobile,489,819,29.07,204.67
2026-07-17,/,UK,tablet,93,135,38.15,136.72
2026-07-17,/,US,desktop,487,1000,40.08,253.99
2026-07-17,/,US,mobile,389,619,58.14,196.23
2026-07-17,/,US,tablet,102,153,53.19,248.29
2026-07-17,/pricing,FR,desktop,314,410,58.13,195.63
2026-07-17,/pricing,FR,mobile,247,318,37.94,297.81
2026-07-17,/pricing,FR,tablet,63,85,35.71,144.78
2026-07-17,/pricing,EU,desktop,302,561,45.40,311.96
2026-07-17,/pricing,EU,mobile,269,383,32.00,68.13
2026-07-17,/pricing,EU,tablet,52,83,39.24,297.85
2026-07-17,/pricing,UK,desktop,365,512,47.44,78.96
2026-07-17,/pricing,UK,mobile,281,384,38.97,84.79
2026-07-17,/pricing,UK,tablet,68,102,42.36,114.00
2026-07-17,/pricing,US,desktop,352,589,29.69,185.08
2026-07-17,/pricing,US,mobile,303,422,42.76,100.80
2026-07-17,/pricing,US,tablet,53,100,51.41,209.22
2026-07-17,/product,FR,desktop,332,604,46.36,255.42
2026-07-17,/product,FR,mobile,297,558,31.84,194.61
2026-07-17,/product,FR,tablet,62,124,36.43,129.92
2026-07-17,/product,EU,desktop,401,611,34.93,105.83
2026-07-17,/product,EU,mobile,330,645,47.09,212.47
2026-07-17,/product,EU,tablet,65,133,36.81,282.76
2026-07-17,/product,UK,desktop,332,556,49.69,187.67
2026-07-17,/product,UK,mobile,295,399,29.43,181.39
2026-07-17,/product,UK,tablet,61,85,52.72,194.39
2026-07-17,/product,US,desktop,365,633,55.05,142.41
2026-07-17,/product,US,mobile,297,613,32.07,112.37
2026-07-17,/product,US,tablet,68,127,30.26,249.82
2026-07-17,/docs,FR,desktop,194,354,30.80,238.83
2026-07-17,/docs,FR,mobile,186,291,55.02,133.78
2026-07-17,/docs,FR,tablet,42,84,51.63,245.46
2026-07-17,/docs,EU,desktop,233,418,31.39,211.23
2026-07-17,/docs,EU,mobile,188,365,48.16,128.94
2026-07-17,/docs,EU,tablet,47,86,49.77,298.07
2026-07-17,/docs,UK,desktop,217,411,51.29,88.88
2026-07-17,/docs,UK,mobile,215,336,57.51,126.80
2026-07-17,/docs,UK,tablet,39,70,32.64,104.01
2026-07-17,/docs,US,desktop,212,396,29.51,287.95
2026-07-17,/docs,US,mobile,216,448,47.20,316.02
2026-07-17,/docs,US,tablet,39,76,32.91,316.16
2026-07-17,/blog/launch,FR,desktop,160,250,44.82,290.86
2026-07-17,/blog/launch,FR,mobile,155,206,33.14,217.04
2026-07-17,/blog/launch,FR,tablet,32,47,37.86,281.33
2026-07-17,/blog/launch,EU,desktop,144,298,42.77,62.53
2026-07-17,/blog/launch,EU,mobile,135,244,39.64,199.31
2026-07-17,/blog/launch,EU,tablet,31,51,52.25,299.99
2026-07-17,/blog/launch,UK,desktop,171,264,56.45,266.67
2026-07-17,/blog/launch,UK,mobile,125,169,46.15,80.33
2026-07-17,/blog/launch,UK,tablet,27,55,39.02,215.50
2026-07-17,/blog/launch,US,desktop,137,229,33.82,225.17
2026-07-17,/blog/launch,US,mobile,156,244,61.92,234.34
2026-07-17,/blog/launch,US,tablet,28,56,56.87,257.33
2026-07-17,/contact,FR,desktop,111,172,39.17,67.65
2026-07-17,/contact,FR,mobile,117,192,45.67,288.39
2026-07-17,/contact,FR,tablet,20,33,35.16,276.65
2026-07-17,/contact,EU,desktop,132,267,52.04,231.73
2026-07-17,/contact,EU,mobile,105,171,60.54,108.49
2026-07-17,/contact,EU,tablet,27,46,33.13,112.16
2026-07-17,/contact,UK,desktop,138,190,58.18,121.21
2026-07-17,/contact,UK,mobile,123,157,29.32,122.93
2026-07-17,/contact,UK,tablet,27,36,41.93,136.86
2026-07-17,/contact,US,desktop,144,199,46.05,116.30
2026-07-17,/contact,US,mobile,126,229,37.82,162.07
2026-07-17,/contact,US,tablet,20,34,54.45,89.80
2026-07-17,/signup,FR,desktop,183,376,43.89,185.63
2026-07-17,/signup,FR,mobile,175,362,58.12,187.61
2026-07-17,/signup,FR,tablet,32,59,31.76,173.08
2026-07-17,/signup,EU,desktop,199,250,33.13,103.61
2026-07-17,/signup,EU,mobile,176,227,44.48,109.72
2026-07-17,/signup,EU,tablet,35,64,34.42,79.77
2026-07-17,/signup,UK,desktop,173,332,38.28,258.71
2026-07-17,/signup,UK,mobile,166,311,32.02,87.10
2026-07-17,/signup,UK,tablet,31,64,49.75,182.53
2026-07-17,/signup,US,desktop,202,349,43.61,312.85
2026-07-17,/signup,US,mobile,173,324,49.73,241.36
2026-07-17,/signup,US,tablet,38,64,53.96,65.62
2026-07-18,/,FR,desktop,382,708,47.95,180.64
2026-07-18,/,FR,mobile,323,668,41.71,154.33
2026-07-18,/,FR,tablet,58,86,60.07,188.69
2026-07-18,/,EU,desktop,379,672,40.60,93.84
2026-07-18,/,EU,mobile,293,352,41.12,244.56
2026-07-18,/,EU,tablet,61,83,34.90,127.96
2026-07-18,/,UK,desktop,353,453,56.15,281.72
2026-07-18,/,UK,mobile,310,631,57.94,277.73
2026-07-18,/,UK,tablet,76,130,39.83,293.65
2026-07-18,/,US,desktop,358,740,58.99,140.77
2026-07-18,/,US,mobile,358,495,42.46,209.04
2026-07-18,/,US,tablet,57,95,31.42,107.07
2026-07-18,/pricing,FR,desktop,200,276,36.56,287.69
2026-07-18,/pricing,FR,mobile,189,251,41.83,103.45
2026-07-18,/pricing,FR,tablet,46,83,34.71,254.96
2026-07-18,/pricing,EU,desktop,255,475,60.83,121.20
2026-07-18,/pricing,EU,mobile,219,360,46.46,183.52
2026-07-18,/pricing,EU,tablet,35,48,57.74,84.28
2026-07-18,/pricing,UK,desktop,255,480,30.64,226.36
2026-07-18,/pricing,UK,mobile,222,351,42.32,307.97
2026-07-18,/pricing,UK,tablet,43,70,61.30,119.47
2026-07-18,/pricing,US,desktop,249,378,58.90,164.32
2026-07-18,/pricing,US,mobile,213,283,45.87,264.22
2026-07-18,/pricing,US,tablet,38,62,50.17,70.26
2026-07-18,/product,FR,desktop,209,364,56.76,310.22
2026-07-18,/product,FR,mobile,202,272,55.02,204.00
2026-07-18,/product,FR,tablet,50,96,32.16,67.92
2026-07-18,/product,EU,desktop,226,298,59.84,216.90
2026-07-18,/product,EU,mobile,241,429,43.74,318.30
2026-07-18,/product,EU,tablet,52,87,61.85,231.10
2026-07-18,/product,UK,desktop,264,415,28.74,82.78
2026-07-18,/product,UK,mobile,235,339,29.03,165.57
2026-07-18,/product,UK,tablet,45,55,36.66,140.16
2026-07-18,/product,US,desktop,224,269,58.88,126.92
2026-07-18,/product,US,mobile,239,429,35.45,254.40
2026-07-18,/product,US,tablet,44,89,49.06,183.52
2026-07-18,/docs,FR,desktop,149,283,40.30,152.43
2026-07-18,/docs,FR,mobile,119,234,53.31,178.60
2026-07-18,/docs,FR,tablet,33,50,59.91,141.91
2026-07-18,/docs,EU,desktop,133,247,59.57,71.80
2026-07-18,/docs,EU,mobile,142,190,59.55,80.83
2026-07-18,/docs,EU,tablet,27,35,45.11,73.90
2026-07-18,/docs,UK,desktop,143,287,55.47,96.92
2026-07-18,/docs,UK,mobile,124,153,37.88,222.53
2026-07-18,/docs,UK,tablet,29,51,31.41,162.05
2026-07-18,/docs,US,desktop,158,205,60.46,305.89
2026-07-18,/docs,US,mobile,145,178,61.31,218.91
2026-07-18,/docs,US,tablet,25,51,58.91,271.05
2026-07-18,/blog/launch,FR,desktop,423,713,42.50,264.66
2026-07-18,/blog/launch,FR,mobile,374,566,54.97,181.08
2026-07-18,/blog/launch,FR,tablet,73,108,49.09,127.21
2026-07-18,/blog/launch,EU,desktop,406,745,55.13,243.27
2026-07-18,/blog/launch,EU,mobile,367,620,35.59,283.22
2026-07-18,/blog/launch,EU,tablet,66,108,30.16,95.99
2026-07-18,/blog/launch,UK,desktop,364,566,43.26,129.11
2026-07-18,/blog/launch,UK,mobile,325,460,42.96,222.67
2026-07-18,/blog/launch,UK,tablet,70,80,37.76,238.28
2026-07-18,/blog/launch,US,desktop,343,470,45.50,131.12
2026-07-18,/blog/launch,US,mobile,329,614,39.06,242.00
2026-07-18,/blog/launch,US,tablet,73,108,58.70,169.57
2026-07-18,/contact,FR,desktop,91,151,55.00,192.98
2026-07-18,/contact,FR,mobile,81,113,39.84,147.56
2026-07-18,/contact,FR,tablet,16,32,38.68,215.68
2026-07-18,/contact,EU,desktop,96,132,34.66,213.09
2026-07-18,/contact,EU,mobile,76,119,43.17,282.60
2026-07-18,/contact,EU,tablet,15,31,53.57,220.17
2026-07-18,/contact,UK,desktop,84,170,41.71,243.06
2026-07-18,/contact,UK,mobile,86,153,60.60,312.19
2026-07-18,/contact,UK,tablet,15,23,57.61,86.69
2026-07-18,/contact,US,desktop,79,110,29.14,112.53
2026-07-18,/contact,US,mobile,68,91,28.56,285.29
2026-07-18,/contact,US,tablet,18,31,59.15,186.56
2026-07-18,/signup,FR,desktop,151,229,43.09,119.26
2026-07-18,/signup,FR,mobile,123,241,31.57,292.02
2026-07-18,/signup,FR,tablet,22,40,36.35,111.86
2026-07-18,/signup,EU,desktop,135,247,61.47,144.50
2026-07-18,/signup,EU,mobile,105,130,53.42,169.50
2026-07-18,/signup,EU,tablet,27,53,52.60,238.29
2026-07-18,/signup,UK,desktop,124,226,39.71,302.71
2026-07-18,/signup,UK,mobile,133,231,50.89,292.49
2026-07-18,/signup,UK,tablet,28,48,41.62,155.48
2026-07-18,/signup,US,desktop,117,185,61.32,118.70
2026-07-18,/signup,US,mobile,108,209,31.73,167.90
2026-07-18,/signup,US,tablet,28,42,40.55,230.37
2026-07-19,/,FR,desktop,329,621,55.65,252.08
2026-07-19,/,FR,mobile,326,605,45.40,166.58
2026-07-19,/,FR,tablet,63,123,34.01,288.12
2026-07-19,/,EU,desktop,391,588,44.36,115.75
2026-07-19,/,EU,mobile,300,417,50.45,207.92
2026-07-19,/,EU,tablet,59,72,43.80,147.59
2026-07-19,/,UK,desktop,405,546,43.81,237.81
2026-07-19,/,UK,mobile,320,432,54.75,312.72
2026-07-19,/,UK,tablet,57,116,34.62,204.29
2026-07-19,/,US,desktop,382,676,44.28,240.05
2026-07-19,/,US,mobile,340,551,57.52,269.84
2026-07-19,/,US,tablet,59,100,41.84,280.97
2026-07-19,/pricing,FR,desktop,227,410,56.46,146.26
2026-07-19,/pricing,FR,mobile,188,378,40.11,192.14
2026-07-19,/pricing,FR,tablet,45,68,47.68,224.90
2026-07-19,/pricing,EU,desktop,205,331,58.18,262.35
2026-07-19,/pricing,EU,mobile,172,328,43.21,297.88
2026-07-19,/pricing,EU,tablet,40,63,56.27,148.98
2026-07-19,/pricing,UK,desktop,207,373,33.97,181.72
2026-07-19,/pricing,UK,mobile,218,400,30.80,130.10
2026-07-19,/pricing,UK,tablet,45,81,46.33,284.74
2026-07-19,/pricing,US,desktop,223,401,31.00,161.53
2026-07-19,/pricing,US,mobile,223,338,43.73,86.86
2026-07-19,/pricing,US,tablet,46,79,49.17,94.16
2026-07-19,/product,FR,desktop,255,442,49.97,140.89
2026-07-19,/product,FR,mobile,205,278,32.81,185.10
2026-07-19,/product,FR,tablet,47,98,28.16,134.42
2026-07-19,/product,EU,desktop,242,403,37.87,146.61
2026-07-19,/product,EU,mobile,212,430,28.65,220.46
2026-07-19,/product,EU,tablet,44,59,45.45,150.01
2026-07-19,/product,UK,desktop,247,364,30.15,62.30
2026-07-19,/product,UK,mobile,242,446,44.82,276.68
2026-07-19,/product,UK,tablet,50,95,32.45,302.24
2026-07-19,/product,US,desktop,241,352,43.89,165.50
2026-07-19,/product,US,mobile,200,312,59.26,200.91
2026-07-19,/product,US,tablet,48,91,40.02,299.44
2026-07-19,/docs,FR,desktop,151,257,48.91,178.10
2026-07-19,/docs,FR,mobile,153,294,40.60,104.30
2026-07-19,/docs,FR,tablet,27,39,29.25,257.40
2026-07-19,/docs,EU,desktop,166,253,51.47,242.14
2026-07-19,/docs,EU,mobile,126,261,56.43,181.06
2026-07-19,/docs,EU,tablet,30,46,50.82,104.20
2026-07-19,/docs,UK,desktop,171,349,39.24,97.85
2026-07-19,/docs,UK,mobile,143,291,53.95,113.62
2026-07-19,/docs,UK,tablet,29,46,47.28,139.08
2026-07-19,/docs,US,desktop,156,300,51.95,180.45
2026-07-19,/docs,US,mobile,136,247,40.08,86.84
2026-07-19,/docs,US,tablet,29,58,51.37,243.46
2026-07-19,/blog/launch,FR,desktop,126,203,42.24,106.07
2026-07-19,/blog/launch,FR,mobile,86,178,39.20,284.81
2026-07-19,/blog/launch,FR,tablet,23,38,54.44,135.17
2026-07-19,/blog/launch,EU,desktop,126,187,43.65,185.68
2026-07-19,/blog/launch,EU,mobile,91,178,39.98,113.02
2026-07-19,/blog/launch,EU,tablet,22,27,54.89,314.48
2026-07-19,/blog/launch,UK,desktop,95,177,29.87,182.90
2026-07-19,/blog/launch,UK,mobile,86,120,60.89,78.79
2026-07-19,/blog/launch,UK,tablet,19,39,55.15,179.00
2026-07-19,/blog/launch,US,desktop,128,160,52.38,119.57
2026-07-19,/blog/launch,US,mobile,112,147,29.96,99.52
2026-07-19,/blog/launch,US,tablet,20,28,41.12,230.44
2026-07-19,/contact,FR,desktop,86,122,33.17,166.71
2026-07-19,/contact,FR,mobile,67,89,40.91,93.04
2026-07-19,/contact,FR,tablet,17,33,41.52,80.83
2026-07-19,/contact,EU,desktop,100,197,48.92,96.74
2026-07-19,/contact,EU,mobile,68,121,39.97,254.62
2026-07-19,/contact,EU,tablet,14,23,42.09,238.52
2026-07-19,/contact,UK,desktop,99,166,50.66,264.34
2026-07-19,/contact,UK,mobile,83,111,37.87,167.63
2026-07-19,/contact,UK,tablet,18,29,51.35,305.51
2026-07-19,/contact,US,desktop,90,170,58.89,68.67
2026-07-19,/contact,US,mobile,89,118,52.21,311.86
2026-07-19,/contact,US,tablet,15,24,41.90,257.38
2026-07-19,/signup,FR,desktop,137,202,39.16,178.86
2026-07-19,/signup,FR,mobile,119,178,61.88,156.87
2026-07-19,/signup,FR,tablet,27,48,39.59,63.34
2026-07-19,/signup,EU,desktop,134,219,50.40,186.39
2026-07-19,/signup,EU,mobile,103,166,41.39,265.85
2026-07-19,/signup,EU,tablet,24,44,31.42,230.65
2026-07-19,/signup,UK,desktop,116,146,47.98,136.59
2026-07-19,/signup,UK,mobile,105,151,31.05,208.24
2026-07-19,/signup,UK,tablet,23,46,40.32,267.43
2026-07-19,/signup,US,desktop,141,171,30.45,203.11
2026-07-19,/signup,US,mobile,114,226,42.89,162.33
2026-07-19,/signup,US,tablet,21,25,45.42,137.46
2026-07-20,/,FR,desktop,579,1092,41.88,209.17
2026-07-20,/,FR,mobile,391,819,55.48,220.16
2026-07-20,/,FR,tablet,89,166,60.99,105.51
2026-07-20,/,EU,desktop,459,779,60.52,84.52
2026-07-20,/,EU,mobile,462,861,40.05,185.50
2026-07-20,/,EU,tablet,95,159,50.35,72.72
2026-07-20,/,UK,desktop,524,859,55.36,87.19
2026-07-20,/,UK,mobile,385,471,48.42,258.72
2026-07-20,/,UK,tablet,90,128,30.05,159.32
2026-07-20,/,US,desktop,446,780,58.93,176.58
2026-07-20,/,US,mobile,440,747,33.89,85.34
2026-07-20,/,US,tablet,89,145,56.81,121.61
2026-07-20,/pricing,FR,desktop,339,527,55.52,82.90
2026-07-20,/pricing,FR,mobile,295,509,42.21,165.91
2026-07-20,/pricing,FR,tablet,64,101,44.16,87.38
2026-07-20,/pricing,EU,desktop,306,611,44.02,311.88
2026-07-20,/pricing,EU,mobile,319,514,47.11,96.90
2026-07-20,/pricing,EU,tablet,53,89,55.21,308.48
2026-07-20,/pricing,UK,desktop,318,538,39.12,141.75
2026-07-20,/pricing,UK,mobile,321,409,50.99,72.44
2026-07-20,/pricing,UK,tablet,54,110,36.36,243.33
2026-07-20,/pricing,US,desktop,317,639,45.70,198.00
2026-07-20,/pricing,US,mobile,247,409,30.98,306.42
2026-07-20,/pricing,US,tablet,54,108,33.49,115.60
2026-07-20,/product,FR,desktop,364,763,34.90,86.15
2026-07-20,/product,FR,mobile,307,585,55.70,315.16
2026-07-20,/product,FR,tablet,62,97,40.94,114.17
2026-07-20,/product,EU,desktop,326,598,47.43,301.12
2026-07-20,/product,EU,mobile,284,520,34.98,168.61
2026-07-20,/product,EU,tablet,65,87,31.46,112.54
2026-07-20,/product,UK,desktop,389,605,30.10,118.25
2026-07-20,/product,UK,mobile,278,490,35.30,216.37
2026-07-20,/product,UK,tablet,65,88,48.11,60.18
2026-07-20,/product,US,desktop,397,565,50.59,308.15
2026-07-20,/product,US,mobile,343,586,46.64,121.94
2026-07-20,/product,US,tablet,59,74,30.70,72.87
2026-07-20,/docs,FR,desktop,231,365,33.29,291.71
2026-07-20,/docs,FR,mobile,206,386,30.90,210.91
2026-07-20,/docs,FR,tablet,44,88,60.16,204.01
2026-07-20,/docs,EU,desktop,197,403,54.86,257.24
2026-07-20,/docs,EU,mobile,190,311,38.22,225.30
2026-07-20,/docs,EU,tablet,37,53,48.65,149.03
2026-07-20,/docs,UK,desktop,232,456,43.59,282.66
2026-07-20,/docs,UK,mobile,179,248,43.15,236.67
2026-07-20,/docs,UK,tablet,42,58,33.61,165.54
2026-07-20,/docs,US,desktop,227,354,32.13,209.63
2026-07-20,/docs,US,mobile,219,318,32.00,76.63
2026-07-20,/docs,US,tablet,40,76,28.33,281.36
2026-07-20,/blog/launch,FR,desktop,161,219,52.11,103.80
2026-07-20,/blog/launch,FR,mobile,135,213,58.46,182.83
2026-07-20,/blog/launch,FR,tablet,28,41,45.16,264.16
2026-07-20,/blog/launch,EU,desktop,164,257,28.09,263.84
2026-07-20,/blog/launch,EU,mobile,150,207,42.78,304.14
2026-07-20,/blog/launch,EU,tablet,27,37,53.98,313.12
2026-07-20,/blog/launch,UK,desktop,171,230,34.56,213.90
2026-07-20,/blog/launch,UK,mobile,144,293,31.17,278.32
2026-07-20,/blog/launch,UK,tablet,28,55,61.59,283.54
2026-07-20,/blog/launch,US,desktop,159,202,60.39,98.45
2026-07-20,/blog/launch,US,mobile,136,209,48.89,161.93
2026-07-20,/blog/launch,US,tablet,28,43,34.11,271.90
2026-07-20,/contact,FR,desktop,121,190,56.01,89.00
2026-07-20,/contact,FR,mobile,115,189,59.94,69.14
2026-07-20,/contact,FR,tablet,26,42,54.38,300.45
2026-07-20,/contact,EU,desktop,137,171,35.91,230.92
2026-07-20,/contact,EU,mobile,102,208,30.62,66.57
2026-07-20,/contact,EU,tablet,23,42,34.75,306.60
2026-07-20,/contact,UK,desktop,127,227,60.89,198.58
2026-07-20,/contact,UK,mobile,100,188,58.53,283.40
2026-07-20,/contact,UK,tablet,21,39,47.24,311.63
2026-07-20,/contact,US,desktop,142,294,50.70,198.94
2026-07-20,/contact,US,mobile,104,129,28.16,94.89
2026-07-20,/contact,US,tablet,22,27,37.08,109.96
2026-07-20,/signup,FR,desktop,179,258,55.89,228.69
2026-07-20,/signup,FR,mobile,168,311,59.62,93.34
2026-07-20,/signup,FR,tablet,40,62,35.32,244.05
2026-07-20,/signup,EU,desktop,219,353,53.96,297.33
2026-07-20,/signup,EU,mobile,169,205,56.78,103.67
2026-07-20,/signup,EU,tablet,41,81,48.93,262.74
2026-07-20,/signup,UK,desktop,186,289,40.89,89.46
2026-07-20,/signup,UK,mobile,174,364,54.46,240.32
2026-07-20,/signup,UK,tablet,35,47,35.46,102.95
2026-07-20,/signup,US,desktop,175,293,43.30,176.40
2026-07-20,/signup,US,mobile,191,400,48.04,221.64
2026-07-20,/signup,US,tablet,31,51,30.26,98.36
2026-07-21,/,FR,desktop,491,734,57.47,178.33
2026-07-21,/,FR,mobile,457,939,40.32,234.24
2026-07-21,/,FR,tablet,83,128,37.89,226.09
2026-07-21,/,EU,desktop,546,920,46.05,66.31
2026-07-21,/,EU,mobile,461,574,54.98,67.92
2026-07-21,/,EU,tablet,99,181,53.43,144.81
2026-07-21,/,UK,desktop,463,615,31.20,220.99
2026-07-21,/,UK,mobile,501,688,46.95,85.68
2026-07-21,/,UK,tablet,81,109,28.82,149.65
2026-07-21,/,US,desktop,515,858,54.75,253.74
2026-07-21,/,US,mobile,411,716,46.78,155.20
2026-07-21,/,US,tablet,89,141,45.60,106.74
2026-07-21,/pricing,FR,desktop,360,735,30.74,176.95
2026-07-21,/pricing,FR,mobile,288,477,33.31,148.87
2026-07-21,/pricing,FR,tablet,51,82,59.69,103.62
2026-07-21,/pricing,EU,desktop,336,635,61.08,198.68
2026-07-21,/pricing,EU,mobile,264,520,35.55,182.46
2026-07-21,/pricing,EU,tablet,55,71,56.80,247.97
2026-07-21,/pricing,UK,desktop,353,570,49.99,145.65
2026-07-21,/pricing,UK,mobile,305,480,60.14,155.99
2026-07-21,/pricing,UK,tablet,63,116,58.26,123.88
2026-07-21,/pricing,US,desktop,275,341,50.58,191.61
2026-07-21,/pricing,US,mobile,261,319,33.42,200.65
2026-07-21,/pricing,US,tablet,66,91,38.80,314.42
2026-07-21,/product,FR,desktop,345,512,40.12,223.25
2026-07-21,/product,FR,mobile,273,517,58.06,164.41
2026-07-21,/product,FR,tablet,69,116,33.22,249.58
2026-07-21,/product,EU,desktop,386,588,33.50,64.98
2026-07-21,/product,EU,mobile,269,328,45.07,69.02
2026-07-21,/product,EU,tablet,71,110,41.74,258.55
2026-07-21,/product,UK,desktop,325,593,35.00,231.30
2026-07-21,/product,UK,mobile,287,517,29.24,93.75
2026-07-21,/product,UK,tablet,59,117,37.67,267.66
2026-07-21,/product,US,desktop,312,510,46.54,69.09
2026-07-21,/product,US,mobile,287,454,58.42,232.78
2026-07-21,/product,US,tablet,62,125,46.42,292.54
2026-07-21,/docs,FR,desktop,197,389,38.09,163.17
2026-07-21,/docs,FR,mobile,189,271,52.20,110.23
2026-07-21,/docs,FR,tablet,39,79,40.56,125.33
2026-07-21,/docs,EU,desktop,212,303,52.00,319.79
2026-07-21,/docs,EU,mobile,171,328,54.62,156.04
2026-07-21,/docs,EU,tablet,39,53,32.81,89.39
2026-07-21,/docs,UK,desktop,247,328,38.47,203.47
2026-07-21,/docs,UK,mobile,218,301,58.29,207.26
2026-07-21,/docs,UK,tablet,43,66,30.05,83.55
2026-07-21,/docs,US,desktop,221,289,42.72,96.79
2026-07-21,/docs,US,mobile,189,280,52.76,217.02
2026-07-21,/docs,US,tablet,41,84,52.98,204.08
2026-07-21,/blog/launch,FR,desktop,158,294,50.17,151.19
2026-07-21,/blog/launch,FR,mobile,134,161,37.40,291.87
2026-07-21,/blog/launch,FR,tablet,30,59,40.89,172.43
2026-07-21,/blog/launch,EU,desktop,165,203,61.13,139.64
2026-07-21,/blog/launch,EU,mobile,119,183,40.81,107.68
2026-07-21,/blog/launch,EU,tablet,27,55,32.30,251.26
2026-07-21,/blog/launch,UK,desktop,157,204,32.00,248.34
2026-07-21,/blog/launch,UK,mobile,127,221,30.54,289.98
2026-07-21,/blog/launch,UK,tablet,32,51,49.33,303.10
2026-07-21,/blog/launch,US,desktop,179,362,52.22,253.33
2026-07-21,/blog/launch,US,mobile,156,187,48.76,218.07
2026-07-21,/blog/launch,US,tablet,31,40,46.39,288.94
2026-07-21,/contact,FR,desktop,125,154,52.40,214.24
2026-07-21,/contact,FR,mobile,105,133,47.25,271.12
2026-07-21,/contact,FR,tablet,21,35,57.47,94.90
2026-07-21,/contact,EU,desktop,147,266,29.86,96.56
2026-07-21,/contact,EU,mobile,98,180,59.89,65.43
2026-07-21,/contact,EU,tablet,23,46,56.03,196.60
2026-07-21,/contact,UK,desktop,140,195,31.04,240.58
2026-07-21,/contact,UK,mobile,128,178,43.65,134.59
2026-07-21,/contact,UK,tablet,25,52,44.84,253.26
2026-07-21,/contact,US,desktop,108,213,52.11,307.76
2026-07-21,/contact,US,mobile,111,179,34.64,234.63
2026-07-21,/contact,US,tablet,22,44,41.97,156.50
2026-07-21,/signup,FR,desktop,166,333,40.66,113.25
2026-07-21,/signup,FR,mobile,155,312,36.52,239.26
2026-07-21,/signup,FR,tablet,40,54,34.58,259.93
2026-07-21,/signup,EU,desktop,201,291,53.52,138.37
2026-07-21,/signup,EU,mobile,192,394,35.31,187.45
2026-07-21,/signup,EU,tablet,36,58,55.35,77.53
2026-07-21,/signup,UK,desktop,199,349,41.59,145.88
2026-07-21,/signup,UK,mobile,175,246,30.76,264.17
2026-07-21,/signup,UK,tablet,36,66,40.33,85.98
2026-07-21,/signup,US,desktop,188,250,33.81,204.94
2026-07-21,/signup,US,mobile,162,335,39.58,79.38
2026-07-21,/signup,US,tablet,31,48,30.99,226.56
2026-07-22,/,FR,desktop,542,680,41.20,161.61
2026-07-22,/,FR,mobile,406,588,32.30,265.27
2026-07-22,/,FR,tablet,85,131,61.39,225.43
2026-07-22,/,EU,desktop,526,1075,46.09,103.46
2026-07-22,/,EU,mobile,443,804,44.53,274.35
2026-07-22,/,EU,tablet,98,175,58.10,61.73
2026-07-22,/,UK,desktop,464,617,47.28,83.27
2026-07-22,/,UK,mobile,426,572,39.28,309.10
2026-07-22,/,UK,tablet,92,141,29.26,237.99
2026-07-22,/,US,desktop,561,744,45.99,151.58
2026-07-22,/,US,mobile,406,684,55.91,102.66
2026-07-22,/,US,tablet,96,137,52.12,265.57
2026-07-22,/pricing,FR,desktop,297,382,34.90,312.48
2026-07-22,/pricing,FR,mobile,316,651,42.62,147.24
2026-07-22,/pricing,FR,tablet,63,104,31.71,139.67
2026-07-22,/pricing,EU,desktop,359,706,51.98,158.56
2026-07-22,/pricing,EU,mobile,263,445,48.28,271.47
2026-07-22,/pricing,EU,tablet,58,85,40.26,201.67
2026-07-22,/pricing,UK,desktop,300,615,57.64,119.04
2026-07-22,/pricing,UK,mobile,240,341,60.46,259.47
2026-07-22,/pricing,UK,tablet,64,111,55.47,254.56
2026-07-22,/pricing,US,desktop,350,462,56.18,221.79
2026-07-22,/pricing,US,mobile,259,489,51.70,274.68
2026-07-22,/pricing,US,tablet,56,71,29.56,150.39
2026-07-22,/product,FR,desktop,371,651,30.79,316.34
2026-07-22,/product,FR,mobile,294,578,38.51,272.31
2026-07-22,/product,FR,tablet,61,114,54.40,217.30
2026-07-22,/product,EU,desktop,386,624,44.19,225.31
2026-07-22,/product,EU,mobile,346,524,47.31,166.41
2026-07-22,/product,EU,tablet,64,113,45.24,86.17
2026-07-22,/product,UK,desktop,309,638,37.45,254.46
2026-07-22,/product,UK,mobile,325,480,39.28,287.60
2026-07-22,/product,UK,tablet,63,125,40.18,79.66
2026-07-22,/product,US,desktop,402,765,53.99,64.28
2026-07-22,/product,US,mobile,338,469,52.36,146.38
2026-07-22,/product,US,tablet,71,121,37.86,290.14
2026-07-22,/docs,FR,desktop,212,282,39.00,97.98
2026-07-22,/docs,FR,mobile,191,256,53.14,179.17
2026-07-22,/docs,FR,tablet,45,61,52.54,90.85
2026-07-22,/docs,EU,desktop,230,396,49.14,307.26
2026-07-22,/docs,EU,mobile,191,290,51.54,317.92
2026-07-22,/docs,EU,tablet,41,56,47.63,184.73
2026-07-22,/docs,UK,desktop,229,443,41.73,150.23
2026-07-22,/docs,UK,mobile,169,204,29.26,96.34
2026-07-22,/docs,UK,tablet,42,85,46.87,266.77
2026-07-22,/docs,US,desktop,231,282,44.38,273.84
2026-07-22,/docs,US,mobile,179,322,43.43,159.78
2026-07-22,/docs,US,tablet,45,55,34.36,280.98
2026-07-22,/blog/launch,FR,desktop,179,291,61.02,177.31
2026-07-22,/blog/launch,FR,mobile,156,243,46.21,276.21
2026-07-22,/blog/launch,FR,tablet,25,41,57.86,290.54
2026-07-22,/blog/launch,EU,desktop,144,200,57.89,165.65
2026-07-22,/blog/launch,EU,mobile,160,276,33.53,227.96
2026-07-22,/blog/launch,EU,tablet,29,55,35.82,189.62
2026-07-22,/blog/launch,UK,desktop,178,309,54.67,163.47
2026-07-22,/blog/launch,UK,mobile,149,259,33.52,293.49
2026-07-22,/blog/launch,UK,tablet,29,36,35.57,113.72
2026-07-22,/blog/launch,US,desktop,144,175,46.15,167.72
2026-07-22,/blog/launch,US,mobile,153,200,36.88,176.66
2026-07-22,/blog/launch,US,tablet,33,65,41.12,105.64
2026-07-22,/contact,FR,desktop,142,282,42.96,272.61
2026-07-22,/contact,FR,mobile,98,139,49.53,231.33
2026-07-22,/contact,FR,tablet,21,25,52.23,304.04
2026-07-22,/contact,EU,desktop,144,180,50.78,82.71
2026-07-22,/contact,EU,mobile,112,210,30.92,288.50
2026-07-22,/contact,EU,tablet,23,46,36.78,141.93
2026-07-22,/contact,UK,desktop,115,179,34.87,218.84
2026-07-22,/contact,UK,mobile,109,134,59.43,260.05
2026-07-22,/contact,UK,tablet,21,33,39.95,306.73
2026-07-22,/contact,US,desktop,139,245,49.06,274.85
2026-07-22,/contact,US,mobile,112,147,47.98,244.59
2026-07-22,/contact,US,tablet,22,34,54.60,246.65
2026-07-22,/signup,FR,desktop,174,221,52.06,127.21
2026-07-22,/signup,FR,mobile,147,270,58.96,65.77
2026-07-22,/signup,FR,tablet,33,56,43.10,263.42
2026-07-22,/signup,EU,desktop,172,260,29.90,305.78
2026-07-22,/signup,EU,mobile,159,196,52.54,88.14
2026-07-22,/signup,EU,tablet,39,58,49.34,308.45
2026-07-22,/signup,UK,desktop,168,338,43.80,167.76
2026-07-22,/signup,UK,mobile,147,264,51.65,305.62
2026-07-22,/signup,UK,tablet,30,59,49.79,151.32
2026-07-22,/signup,US,desktop,170,315,57.48,210.93
2026-07-22,/signup,US,mobile,167,276,34.63,97.32
2026-07-22,/signup,US,tablet,31,49,34.78,204.81
2026-07-23,/,FR,desktop,496,989,60.37,97.94
2026-07-23,/,FR,mobile,504,687,46.57,109.32
2026-07-23,/,FR,tablet,102,163,55.52,240.53
2026-07-23,/,EU,desktop,566,824,29.94,110.83
2026-07-23,/,EU,mobile,490,898,54.78,264.74
2026-07-23,/,EU,tablet,103,128,54.43,184.32
2026-07-23,/,UK,desktop,468,875,43.47,151.36
2026-07-23,/,UK,mobile,507,880,38.16,242.88
2026-07-23,/,UK,tablet,87,121,57.90,216.75
2026-07-23,/,US,desktop,491,933,47.00,105.29
2026-07-23,/,US,mobile,383,512,58.43,75.07
2026-07-23,/,US,tablet,107,132,41.52,165.11
2026-07-23,/pricing,FR,desktop,301,603,49.14,243.80
2026-07-23,/pricing,FR,mobile,261,486,53.39,258.46
2026-07-23,/pricing,FR,tablet,60,88,58.60,150.23
2026-07-23,/pricing,EU,desktop,355,460,30.63,164.95
2026-07-23,/pricing,EU,mobile,311,533,32.25,70.81
2026-07-23,/pricing,EU,tablet,56,96,36.38,274.27
2026-07-23,/pricing,UK,desktop,317,606,51.69,88.23
2026-07-23,/pricing,UK,mobile,252,418,39.15,178.57
2026-07-23,/pricing,UK,tablet,55,92,35.26,279.45
2026-07-23,/pricing,US,desktop,316,574,40.21,264.05
2026-07-23,/pricing,US,mobile,264,436,39.62,310.98
2026-07-23,/pricing,US,tablet,64,83,46.77,64.70
2026-07-23,/product,FR,desktop,403,797,40.66,92.49
2026-07-23,/product,FR,mobile,346,582,29.23,216.17
2026-07-23,/product,FR,tablet,64,102,51.04,315.94
2026-07-23,/product,EU,desktop,333,569,37.83,71.91
2026-07-23,/product,EU,mobile,276,487,57.00,149.88
2026-07-23,/product,EU,tablet,57,99,55.78,140.73
2026-07-23,/product,UK,desktop,322,413,52.37,305.70
2026-07-23,/product,UK,mobile,321,605,34.47,259.16
2026-07-23,/product,UK,tablet,73,125,28.59,129.73
2026-07-23,/product,US,desktop,375,563,57.14,303.11
2026-07-23,/product,US,mobile,312,549,44.83,136.15
2026-07-23,/product,US,tablet,62,86,50.36,282.53
2026-07-23,/docs,FR,desktop,255,527,52.12,173.87
2026-07-23,/docs,FR,mobile,221,308,43.30,149.24
2026-07-23,/docs,FR,tablet,43,72,36.30,238.38
2026-07-23,/docs,EU,desktop,194,407,47.64,176.94
2026-07-23,/docs,EU,mobile,168,305,57.02,306.63
2026-07-23,/docs,EU,tablet,42,68,61.54,114.08
2026-07-23,/docs,UK,desktop,211,373,54.60,90.11
2026-07-23,/docs,UK,mobile,168,331,32.99,61.01
2026-07-23,/docs,UK,tablet,47,68,30.44,294.58
2026-07-23,/docs,US,desktop,238,451,54.23,143.67
2026-07-23,/docs,US,mobile,210,301,52.42,103.28
2026-07-23,/docs,US,tablet,37,44,49.81,128.41
2026-07-23,/blog/launch,FR,desktop,178,274,51.63,170.89
2026-07-23,/blog/launch,FR,mobile,134,216,36.85,230.38
2026-07-23,/blog/launch,FR,tablet,33,53,56.46,76.96
2026-07-23,/blog/launch,EU,desktop,151,219,44.22,248.17
2026-07-23,/blog/launch,EU,mobile,144,195,37.98,171.52
2026-07-23,/blog/launch,EU,tablet,27,43,53.47,165.94
2026-07-23,/blog/launch,UK,desktop,164,279,61.89,188.95
2026-07-23,/blog/launch,UK,mobile,148,180,45.55,273.49
2026-07-23,/blog/launch,UK,tablet,28,38,42.76,223.56
2026-07-23,/blog/launch,US,desktop,137,242,35.09,76.71
2026-07-23,/blog/launch,US,mobile,159,223,44.13,108.49
2026-07-23,/blog/launch,US,tablet,33,60,39.37,257.79
2026-07-23,/contact,FR,desktop,135,175,37.60,104.50
2026-07-23,/contact,FR,mobile,108,204,43.05,302.68
2026-07-23,/contact,FR,tablet,26,44,47.90,302.94
2026-07-23,/contact,EU,desktop,143,298,44.23,62.09
2026-07-23,/contact,EU,mobile,123,213,59.92,214.23
2026-07-23,/contact,EU,tablet,23,33,44.63,94.83
2026-07-23,/contact,UK,desktop,130,225,36.23,292.65
2026-07-23,/contact,UK,mobile,110,138,49.68,70.71
2026-07-23,/contact,UK,tablet,26,32,57.81,168.15
2026-07-23,/contact,US,desktop,144,182,55.48,200.65
2026-07-23,/contact,US,mobile,122,235,46.14,215.01
2026-07-23,/contact,US,tablet,25,47,61.39,196.24
2026-07-23,/signup,FR,desktop,167,343,57.25,311.02
2026-07-23,/signup,FR,mobile,144,295,52.59,103.82
2026-07-23,/signup,FR,tablet,39,74,46.94,203.21
2026-07-23,/signup,EU,desktop,200,260,41.67,268.40
2026-07-23,/signup,EU,mobile,191,334,49.99,140.67
2026-07-23,/signup,EU,tablet,37,57,59.52,298.33
2026-07-23,/signup,UK,desktop,206,371,33.15,110.44
2026-07-23,/signup,UK,mobile,171,274,33.71,177.12
2026-07-23,/signup,UK,tablet,41,49,54.39,124.98
2026-07-23,/signup,US,desktop,202,330,60.37,62.28
2026-07-23,/signup,US,mobile,191,365,48.78,159.46
2026-07-23,/signup,US,tablet,31,38,36.41,127.49
2026-07-24,/,FR,desktop,527,770,36.37,247.84
2026-07-24,/,FR,mobile,386,722,45.01,96.56
2026-07-24,/,FR,tablet,99,129,58.40,107.39
2026-07-24,/,EU,desktop,445,853,35.99,295.77
2026-07-24,/,EU,mobile,501,827,50.04,160.70
2026-07-24,/,EU,tablet,83,114,37.66,91.58
2026-07-24,/,UK,desktop,581,797,40.94,139.15
2026-07-24,/,UK,mobile,504,663,30.06,100.75
2026-07-24,/,UK,tablet,95,190,30.98,72.35
2026-07-24,/,US,desktop,460,624,35.99,280.70
2026-07-24,/,US,mobile,392,515,44.78,241.70
2026-07-24,/,US,tablet,90,185,41.74,140.11
2026-07-24,/pricing,FR,desktop,337,556,37.09,154.84
2026-07-24,/pricing,FR,mobile,248,333,43.05,136.75
2026-07-24,/pricing,FR,tablet,61,99,41.41,71.27
2026-07-24,/pricing,EU,desktop,313,464,40.08,104.99
2026-07-24,/pricing,EU,mobile,302,393,55.86,113.27
2026-07-24,/pricing,EU,tablet,61,80,37.50,284.96
2026-07-24,/pricing,UK,desktop,280,367,54.85,112.76
2026-07-24,/pricing,UK,mobile,247,489,60.20,103.62
2026-07-24,/pricing,UK,tablet,62,126,32.01,115.31
2026-07-24,/pricing,US,desktop,313,376,37.11,253.80
2026-07-24,/pricing,US,mobile,303,590,36.31,280.91
2026-07-24,/pricing,US,tablet,53,103,50.72,73.35
2026-07-24,/product,FR,desktop,331,554,54.05,151.33
2026-07-24,/product,FR,mobile,287,443,40.74,305.90
2026-07-24,/product,FR,tablet,64,115,57.83,91.36
2026-07-24,/product,EU,desktop,332,545,32.23,240.92
2026-07-24,/product,EU,mobile,294,392,33.56,284.01
2026-07-24,/product,EU,tablet,63,91,47.04,148.92
2026-07-24,/product,UK,desktop,322,601,37.65,226.49
2026-07-24,/product,UK,mobile,271,389,48.81,233.63
2026-07-24,/product,UK,tablet,73,114,37.05,192.84
2026-07-24,/product,US,desktop,347,620,48.98,165.22
2026-07-24,/product,US,mobile,333,438,52.38,78.72
2026-07-24,/product,US,tablet,63,87,55.71,67.21
2026-07-24,/docs,FR,desktop,195,398,37.62,281.95
2026-07-24,/docs,FR,mobile,221,367,36.74,77.09
2026-07-24,/docs,FR,tablet,45,73,29.16,200.90
2026-07-24,/docs,EU,desktop,225,354,52.76,142.64
2026-07-24,/docs,EU,mobile,218,305,40.77,145.03
2026-07-24,/docs,EU,tablet,43,75,59.88,293.89
2026-07-24,/docs,UK,desktop,243,321,34.96,140.05
2026-07-24,/docs,UK,mobile,210,267,42.81,146.44
2026-07-24,/docs,UK,tablet,43,54,41.43,157.28
2026-07-24,/docs,US,desktop,192,241,33.03,318.46
2026-07-24,/docs,US,mobile,184,270,37.61,277.36
2026-07-24,/docs,US,tablet,37,72,51.12,289.01
2026-07-24,/blog/launch,FR,desktop,141,184,32.56,89.90
2026-07-24,/blog/launch,FR,mobile,125,150,48.01,89.60
2026-07-24,/blog/launch,FR,tablet,30,45,42.41,192.88
2026-07-24,/blog/launch,EU,desktop,148,228,45.97,139.68
2026-07-24,/blog/launch,EU,mobile,155,257,61.12,215.92
2026-07-24,/blog/launch,EU,tablet,29,39,58.09,284.47
2026-07-24,/blog/launch,UK,desktop,166,268,44.22,244.04
2026-07-24,/blog/launch,UK,mobile,145,232,61.56,148.83
2026-07-24,/blog/launch,UK,tablet,29,49,53.72,261.69
2026-07-24,/blog/launch,US,desktop,154,254,59.69,281.01
2026-07-24,/blog/launch,US,mobile,126,204,41.90,113.78
2026-07-24,/blog/launch,US,tablet,33,53,36.84,317.85
2026-07-24,/contact,FR,desktop,137,255,48.15,284.17
2026-07-24,/contact,FR,mobile,125,169,50.59,252.97
2026-07-24,/contact,FR,tablet,22,45,46.44,163.95
2026-07-24,/contact,EU,desktop,129,238,31.48,127.99
2026-07-24,/contact,EU,mobile,113,220,32.95,85.20
2026-07-24,/contact,EU,tablet,24,29,30.84,120.44
2026-07-24,/contact,UK,desktop,125,231,53.82,69.69
2026-07-24,/contact,UK,mobile,106,219,45.25,194.51
2026-07-24,/contact,UK,tablet,25,45,59.48,278.03
2026-07-24,/contact,US,desktop,110,175,50.47,61.49
2026-07-24,/contact,US,mobile,127,186,46.40,100.23
2026-07-24,/contact,US,tablet,22,41,41.19,225.17
2026-07-24,/signup,FR,desktop,209,358,46.97,254.14
2026-07-24,/signup,FR,mobile,170,257,42.72,71.92
2026-07-24,/signup,FR,tablet,40,63,61.51,280.45
2026-07-24,/signup,EU,desktop,194,353,41.55,75.84
2026-07-24,/signup,EU,mobile,178,292,52.93,213.47
2026-07-24,/signup,EU,tablet,39,78,55.65,175.52
2026-07-24,/signup,UK,desktop,207,401,40.39,206.93
2026-07-24,/signup,UK,mobile,177,270,47.62,84.20
2026-07-24,/signup,UK,tablet,33,63,37.43,288.32
2026-07-24,/signup,US,desktop,184,294,46.01,105.63
2026-07-24,/signup,US,mobile,163,263,43.07,283.83
2026-07-24,/signup,US,tablet,40,61,57.42,289.56
2026-07-25,/,FR,desktop,385,552,60.33,279.67
2026-07-25,/,FR,mobile,345,565,38.32,264.49
2026-07-25,/,FR,tablet,61,102,33.30,310.65
2026-07-25,/,EU,desktop,350,441,28.06,101.25
2026-07-25,/,EU,mobile,293,553,60.34,107.95
2026-07-25,/,EU,tablet,75,132,39.75,99.44
2026-07-25,/,UK,desktop,380,657,38.25,214.15
2026-07-25,/,UK,mobile,306,435,54.68,189.93
2026-07-25,/,UK,tablet,59,119,30.15,217.83
2026-07-25,/,US,desktop,331,563,30.92,172.06
2026-07-25,/,US,mobile,299,504,45.14,178.70
2026-07-25,/,US,tablet,57,116,30.48,261.34
2026-07-25,/pricing,FR,desktop,215,327,36.81,289.95
2026-07-25,/pricing,FR,mobile,207,406,43.77,108.89
2026-07-25,/pricing,FR,tablet,45,65,42.45,219.35
2026-07-25,/pricing,EU,desktop,227,398,41.45,260.51
2026-07-25,/pricing,EU,mobile,214,305,30.22,319.59
2026-07-25,/pricing,EU,tablet,37,59,40.90,100.55
2026-07-25,/pricing,UK,desktop,223,455,47.72,78.29
2026-07-25,/pricing,UK,mobile,217,385,41.48,305.48
2026-07-25,/pricing,UK,tablet,36,59,47.49,200.47
2026-07-25,/pricing,US,desktop,255,327,42.97,131.34
2026-07-25,/pricing,US,mobile,168,340,38.43,111.38
2026-07-25,/pricing,US,tablet,45,59,28.93,165.68
2026-07-25,/product,FR,desktop,220,394,46.43,272.18
2026-07-25,/product,FR,mobile,183,223,52.20,69.70
2026-07-25,/product,FR,tablet,40,78,54.32,124.26
2026-07-25,/product,EU,desktop,267,328,57.80,155.06
2026-07-25,/product,EU,mobile,232,410,47.48,110.94
2026-07-25,/product,EU,tablet,42,85,49.08,113.94
2026-07-25,/product,UK,desktop,222,443,57.15,251.26
2026-07-25,/product,UK,mobile,194,291,30.05,90.91
2026-07-25,/product,UK,tablet,52,73,31.24,296.01
2026-07-25,/product,US,desktop,275,557,39.00,269.38
2026-07-25,/product,US,mobile,244,321,44.08,279.74
2026-07-25,/product,US,tablet,48,77,54.03,84.79
2026-07-25,/docs,FR,desktop,170,315,59.39,197.98
2026-07-25,/docs,FR,mobile,122,169,43.98,114.04
2026-07-25,/docs,FR,tablet,33,40,40.37,243.71
2026-07-25,/docs,EU,desktop,158,316,51.23,272.17
2026-07-25,/docs,EU,mobile,120,217,32.01,318.05
2026-07-25,/docs,EU,tablet,30,44,31.37,203.02
2026-07-25,/docs,UK,desktop,175,299,29.99,269.90
2026-07-25,/docs,UK,mobile,135,176,49.90,247.40
2026-07-25,/docs,UK,tablet,25,48,55.54,152.99
2026-07-25,/docs,US,desktop,161,234,42.30,161.42
2026-07-25,/docs,US,mobile,151,306,47.82,252.77
2026-07-25,/docs,US,tablet,27,37,54.21,176.33
2026-07-25,/blog/launch,FR,desktop,106,142,40.27,74.67
2026-07-25,/blog/launch,FR,mobile,102,138,61.40,89.06
2026-07-25,/blog/launch,FR,tablet,20,35,50.79,77.22
2026-07-25,/blog/launch,EU,desktop,122,201,48.63,78.90
2026-07-25,/blog/launch,EU,mobile,111,231,35.54,173.32
2026-07-25,/blog/launch,EU,tablet,19,35,55.54,190.88
2026-07-25,/blog/launch,UK,desktop,101,179,34.68,213.89
2026-07-25,/blog/launch,UK,mobile,94,132,28.28,282.23
2026-07-25,/blog/launch,UK,tablet,19,29,40.60,317.18
2026-07-25,/blog/launch,US,desktop,107,176,29.96,179.56
2026-07-25,/blog/launch,US,mobile,84,125,45.00,84.60
2026-07-25,/blog/launch,US,tablet,20,33,47.33,170.60
2026-07-25,/contact,FR,desktop,101,146,58.06,136.06
2026-07-25,/contact,FR,mobile,68,134,42.89,61.85
2026-07-25,/contact,FR,tablet,14,24,55.96,169.57
2026-07-25,/contact,EU,desktop,77,157,34.48,281.68
2026-07-25,/contact,EU,mobile,70,86,30.62,307.15
2026-07-25,/contact,EU,tablet,16,19,57.94,105.95
2026-07-25,/contact,UK,desktop,93,178,43.62,242.24
2026-07-25,/contact,UK,mobile,70,93,32.90,93.14
2026-07-25,/contact,UK,tablet,16,21,30.66,140.36
2026-07-25,/contact,US,desktop,87,160,47.33,237.60
2026-07-25,/contact,US,mobile,85,118,49.96,105.99
2026-07-25,/contact,US,tablet,17,26,43.94,247.56
2026-07-25,/signup,FR,desktop,143,284,51.42,183.74
2026-07-25,/signup,FR,mobile,128,201,34.99,146.18
2026-07-25,/signup,FR,tablet,25,39,58.81,147.64
2026-07-25,/signup,EU,desktop,130,175,46.15,239.19
2026-07-25,/signup,EU,mobile,104,208,56.13,307.80
2026-07-25,/signup,EU,tablet,22,41,43.68,319.32
2026-07-25,/signup,UK,desktop,129,206,55.88,221.36
2026-07-25,/signup,UK,mobile,121,183,58.12,233.58
2026-07-25,/signup,UK,tablet,21,43,34.68,150.84
2026-07-25,/signup,US,desktop,116,188,51.66,131.67
2026-07-25,/signup,US,mobile,123,232,34.56,318.43
2026-07-25,/signup,US,tablet,24,30,52.32,165.37
2026-07-26,/,FR,desktop,363,731,44.50,310.61
2026-07-26,/,FR,mobile,295,477,56.98,117.49
2026-07-26,/,FR,tablet,66,98,37.22,169.22
2026-07-26,/,EU,desktop,377,656,36.84,150.76
2026-07-26,/,EU,mobile,328,507,30.88,285.96
2026-07-26,/,EU,tablet,63,86,30.80,86.66
2026-07-26,/,UK,desktop,340,513,31.80,284.43
2026-07-26,/,UK,mobile,295,521,39.70,91.09
2026-07-26,/,UK,tablet,61,89,55.37,269.11
2026-07-26,/,US,desktop,389,711,37.30,200.50
2026-07-26,/,US,mobile,282,445,30.32,273.60
2026-07-26,/,US,tablet,57,85,43.31,127.73
2026-07-26,/pricing,FR,desktop,238,286,59.93,118.40
2026-07-26,/pricing,FR,mobile,205,366,39.50,135.86
2026-07-26,/pricing,FR,tablet,42,62,45.09,208.25
2026-07-26,/pricing,EU,desktop,255,362,28.65,238.07
2026-07-26,/pricing,EU,mobile,215,313,51.57,259.14
2026-07-26,/pricing,EU,tablet,36,75,51.95,63.13
2026-07-26,/pricing,UK,desktop,198,285,32.23,68.54
2026-07-26,/pricing,UK,mobile,186,352,29.10,214.97
2026-07-26,/pricing,UK,tablet,39,67,49.03,275.60
2026-07-26,/pricing,US,desktop,233,439,37.62,151.19
2026-07-26,/pricing,US,mobile,205,406,52.04,141.36
2026-07-26,/pricing,US,tablet,48,84,49.46,254.52
2026-07-26,/product,FR,desktop,214,345,28.64,134.28
2026-07-26,/product,FR,mobile,241,486,58.25,158.66
2026-07-26,/product,FR,tablet,51,73,43.65,237.59
2026-07-26,/product,EU,desktop,264,349,55.07,216.91
2026-07-26,/product,EU,mobile,229,325,46.41,285.62
2026-07-26,/product,EU,tablet,48,83,57.63,289.91
2026-07-26,/product,UK,desktop,210,255,28.34,62.68
2026-07-26,/product,UK,mobile,209,327,43.88,238.63
2026-07-26,/product,UK,tablet,43,76,44.86,223.56
2026-07-26,/product,US,desktop,238,319,29.71,178.85
2026-07-26,/product,US,mobile,189,230,54.45,168.59
2026-07-26,/product,US,tablet,41,71,58.83,101.93
2026-07-26,/docs,FR,desktop,148,221,55.22,193.84
2026-07-26,/docs,FR,mobile,152,274,39.94,307.06
2026-07-26,/docs,FR,tablet,29,51,51.96,239.94
2026-07-26,/docs,EU,desktop,176,245,33.52,126.19
2026-07-26,/docs,EU,mobile,132,258,39.88,275.24
2026-07-26,/docs,EU,tablet,27,40,60.58,193.10
2026-07-26,/docs,UK,desktop,145,253,41.71,153.09
2026-07-26,/docs,UK,mobile,146,183,49.91,75.15
2026-07-26,/docs,UK,tablet,27,40,51.34,169.80
2026-07-26,/docs,US,desktop,140,203,36.18,98.49
2026-07-26,/docs,US,mobile,147,255,48.60,92.67
2026-07-26,/docs,US,tablet,26,31,55.92,305.13
2026-07-26,/blog/launch,FR,desktop,127,197,51.56,293.36
2026-07-26,/blog/launch,FR,mobile,87,161,52.12,182.31
2026-07-26,/blog/launch,FR,tablet,24,31,32.15,209.00
2026-07-26,/blog/launch,EU,desktop,124,159,43.68,152.93
2026-07-26,/blog/launch,EU,mobile,103,208,44.09,317.15
2026-07-26,/blog/launch,EU,tablet,18,22,33.35,117.56
2026-07-26,/blog/launch,UK,desktop,101,169,35.76,319.69
2026-07-26,/blog/launch,UK,mobile,88,125,54.33,237.51
2026-07-26,/blog/launch,UK,tablet,20,37,29.65,201.08
2026-07-26,/blog/launch,US,desktop,97,168,48.88,269.42
2026-07-26,/blog/launch,US,mobile,83,156,46.70,65.00
2026-07-26,/blog/launch,US,tablet,20,36,44.47,271.89
2026-07-26,/contact,FR,desktop,86,176,45.71,295.54
2026-07-26,/contact,FR,mobile,82,150,49.77,227.64
2026-07-26,/contact,FR,tablet,16,29,48.06,290.27
2026-07-26,/contact,EU,desktop,94,131,53.50,220.94
2026-07-26,/contact,EU,mobile,67,100,39.98,311.29
2026-07-26,/contact,EU,tablet,15,22,55.14,297.20
2026-07-26,/contact,UK,desktop,81,129,55.28,239.76
2026-07-26,/contact,UK,mobile,83,170,57.72,65.19
2026-07-26,/contact,UK,tablet,15,20,50.06,300.76
2026-07-26,/contact,US,desktop,83,152,31.27,211.27
2026-07-26,/contact,US,mobile,77,132,44.94,302.93
2026-07-26,/contact,US,tablet,16,33,60.89,79.32
2026-07-26,/signup,FR,desktop,114,230,45.09,99.04
2026-07-26,/signup,FR,mobile,119,204,54.91,160.06
2026-07-26,/signup,FR,tablet,23,33,60.58,97.04
2026-07-26,/signup,EU,desktop,116,214,56.63,131.71
2026-07-26,/signup,EU,mobile,108,217,44.03,66.00
2026-07-26,/signup,EU,tablet,25,32,34.18,160.30
2026-07-26,/signup,UK,desktop,140,186,38.68,170.76
2026-07-26,/signup,UK,mobile,123,202,31.93,163.30
2026-07-26,/signup,UK,tablet,23,29,37.03,298.96
2026-07-26,/signup,US,desktop,118,190,45.16,274.40
2026-07-26,/signup,US,mobile,112,232,42.16,275.76
2026-07-26,/signup,US,tablet,23,40,29.59,265.48
2026-07-27,/,FR,desktop,529,654,49.22,274.69
2026-07-27,/,FR,mobile,415,664,58.24,154.63
2026-07-27,/,FR,tablet,99,205,61.19,139.20
2026-07-27,/,EU,desktop,510,901,46.37,299.30
2026-07-27,/,EU,mobile,469,920,54.25,209.95
2026-07-27,/,EU,tablet,81,115,28.33,307.21
2026-07-27,/,UK,desktop,460,751,54.33,154.75
2026-07-27,/,UK,mobile,454,925,33.22,62.96
2026-07-27,/,UK,tablet,100,163,43.33,134.52
2026-07-27,/,US,desktop,514,675,51.07,157.36
2026-07-27,/,US,mobile,480,932,41.15,152.12
2026-07-27,/,US,tablet,82,149,43.42,232.00
2026-07-27,/pricing,FR,desktop,311,518,42.98,148.06
2026-07-27,/pricing,FR,mobile,253,528,49.32,162.79
2026-07-27,/pricing,FR,tablet,68,132,47.47,264.67
2026-07-27,/pricing,EU,desktop,296,499,48.67,166.74
2026-07-27,/pricing,EU,mobile,263,351,59.14,122.23
2026-07-27,/pricing,EU,tablet,64,124,33.78,317.80
2026-07-27,/pricing,UK,desktop,310,608,49.12,152.95
2026-07-27,/pricing,UK,mobile,318,552,44.51,67.91
2026-07-27,/pricing,UK,tablet,65,107,29.44,164.65
2026-07-27,/pricing,US,desktop,279,392,56.95,208.88
2026-07-27,/pricing,US,mobile,247,506,45.51,252.12
2026-07-27,/pricing,US,tablet,55,112,38.31,227.32
2026-07-27,/product,FR,desktop,354,730,32.93,173.10
2026-07-27,/product,FR,mobile,312,595,35.02,98.22
2026-07-27,/product,FR,tablet,66,118,51.00,272.51
2026-07-27,/product,EU,desktop,354,643,28.42,128.03
2026-07-27,/product,EU,mobile,351,584,61.98,113.62
2026-07-27,/product,EU,tablet,62,101,36.71,173.45
2026-07-27,/product,UK,desktop,363,573,35.66,283.80
2026-07-27,/product,UK,mobile,317,637,47.48,97.54
2026-07-27,/product,UK,tablet,69,113,52.11,275.19
2026-07-27,/product,US,desktop,377,747,46.85,264.69
2026-07-27,/product,US,mobile,290,568,52.12,137.03
2026-07-27,/product,US,tablet,59,113,36.97,103.22
2026-07-27,/docs,FR,desktop,200,385,35.31,213.37
2026-07-27,/docs,FR,mobile,190,310,55.43,110.77
2026-07-27,/docs,FR,tablet,42,59,52.43,158.54
2026-07-27,/docs,EU,desktop,212,324,33.64,81.87
2026-07-27,/docs,EU,mobile,190,274,54.17,231.06
2026-07-27,/docs,EU,tablet,36,73,57.93,285.34
2026-07-27,/docs,UK,desktop,227,306,39.83,262.77
2026-07-27,/docs,UK,mobile,169,251,36.28,68.08
2026-07-27,/docs,UK,tablet,38,55,58.21,97.30
2026-07-27,/docs,US,desktop,194,341,55.88,259.30
2026-07-27,/docs,US,mobile,195,370,46.89,149.82
2026-07-27,/docs,US,tablet,45,78,35.36,206.51
2026-07-27,/blog/launch,FR,desktop,168,350,33.75,102.30
2026-07-27,/blog/launch,FR,mobile,149,189,33.74,126.36
2026-07-27,/blog/launch,FR,tablet,26,34,52.94,155.91
2026-07-27,/blog/launch,EU,desktop,175,308,43.22,77.22
2026-07-27,/blog/launch,EU,mobile,135,168,58.94,109.57
2026-07-27,/blog/launch,EU,tablet,32,48,56.24,163.84
2026-07-27,/blog/launch,UK,desktop,168,228,45.97,273.69
2026-07-27,/blog/launch,UK,mobile,148,220,29.11,211.54
2026-07-27,/blog/launch,UK,tablet,33,64,30.42,242.59
2026-07-27,/blog/launch,US,desktop,151,303,60.77,238.58
2026-07-27,/blog/launch,US,mobile,151,316,58.10,199.20
2026-07-27,/blog/launch,US,tablet,25,33,38.67,105.50
2026-07-27,/contact,FR,desktop,112,179,42.96,128.76
2026-07-27,/contact,FR,mobile,122,234,35.36,188.45
2026-07-27,/contact,FR,tablet,20,26,40.18,183.73
2026-07-27,/contact,EU,desktop,109,177,41.97,301.29
2026-07-27,/contact,EU,mobile,119,191,47.49,189.78
2026-07-27,/contact,EU,tablet,20,33,36.20,103.92
2026-07-27,/contact,UK,desktop,122,193,32.74,245.49
2026-07-27,/contact,UK,mobile,128,181,48.87,105.68
2026-07-27,/contact,UK,tablet,26,52,33.08,225.05
2026-07-27,/contact,US,desktop,131,214,33.71,262.12
2026-07-27,/contact,US,mobile,123,160,30.01,169.99
2026-07-27,/contact,US,tablet,21,31,53.36,275.92
2026-07-27,/signup,FR,desktop,201,360,37.52,310.07
2026-07-27,/signup,FR,mobile,176,315,59.04,222.75
2026-07-27,/signup,FR,tablet,38,67,34.57,273.83
2026-07-27,/signup,EU,desktop,187,275,59.10,204.22
2026-07-27,/signup,EU,mobile,148,256,32.03,150.85
2026-07-27,/signup,EU,tablet,31,60,40.75,315.17
2026-07-27,/signup,UK,desktop,187,262,55.48,125.32
2026-07-27,/signup,UK,mobile,186,320,54.72,62.88
2026-07-27,/signup,UK,tablet,31,43,33.60,233.63
2026-07-27,/signup,US,desktop,191,231,52.78,247.56
2026-07-27,/signup,US,mobile,153,299,60.28,317.50
2026-07-27,/signup,US,tablet,38,60,37.82,136.88
2026-07-28,/,FR,desktop,554,993,59.22,85.48
2026-07-28,/,FR,mobile,498,607,36.70,198.57
2026-07-28,/,FR,tablet,93,163,53.20,126.92
2026-07-28,/,EU,desktop,473,732,32.86,67.39
2026-07-28,/,EU,mobile,494,975,35.02,130.12
2026-07-28,/,EU,tablet,108,138,60.77,113.05
2026-07-28,/,UK,desktop,508,858,58.39,132.31
2026-07-28,/,UK,mobile,456,646,38.32,89.46
2026-07-28,/,UK,tablet,96,156,52.66,131.70
2026-07-28,/,US,desktop,506,981,33.87,241.55
2026-07-28,/,US,mobile,395,819,34.09,72.59
2026-07-28,/,US,tablet,98,181,52.69,90.92
2026-07-28,/pricing,FR,desktop,367,559,30.58,317.49
2026-07-28,/pricing,FR,mobile,305,450,38.37,77.88
2026-07-28,/pricing,FR,tablet,65,99,46.06,319.99
2026-07-28,/pricing,EU,desktop,289,479,46.74,183.00
2026-07-28,/pricing,EU,mobile,259,314,41.82,233.50
2026-07-28,/pricing,EU,tablet,57,88,41.85,276.11
2026-07-28,/pricing,UK,desktop,324,473,28.89,117.00
2026-07-28,/pricing,UK,mobile,239,432,34.17,165.75
2026-07-28,/pricing,UK,tablet,64,134,45.18,128.17
2026-07-28,/pricing,US,desktop,367,459,59.06,112.40
2026-07-28,/pricing,US,mobile,318,401,40.38,244.38
2026-07-28,/pricing,US,tablet,53,92,50.85,133.34
2026-07-28,/product,FR,desktop,325,423,43.57,308.37
2026-07-28,/product,FR,mobile,286,371,50.14,191.56
2026-07-28,/product,FR,tablet,70,120,44.24,193.44
2026-07-28,/product,EU,desktop,302,377,41.27,106.79
2026-07-28,/product,EU,mobile,284,544,44.21,73.12
2026-07-28,/product,EU,tablet,64,91,37.40,170.85
2026-07-28,/product,UK,desktop,315,543,61.31,252.72
2026-07-28,/product,UK,mobile,289,377,50.40,101.03
2026-07-28,/product,UK,tablet,67,131,36.60,273.17
2026-07-28,/product,US,desktop,312,386,39.49,314.97
2026-07-28,/product,US,mobile,311,437,56.88,288.38
2026-07-28,/product,US,tablet,62,118,47.28,302.09
2026-07-28,/docs,FR,desktop,217,367,58.88,267.26
2026-07-28,/docs,FR,mobile,178,219,28.29,273.19
2026-07-28,/docs,FR,tablet,38,79,60.93,200.79
2026-07-28,/docs,EU,desktop,235,293,36.03,112.94
2026-07-28,/docs,EU,mobile,222,271,35.38,238.19
2026-07-28,/docs,EU,tablet,40,81,42.61,96.82
2026-07-28,/docs,UK,desktop,257,441,42.73,276.88
2026-07-28,/docs,UK,mobile,175,242,59.15,308.11
2026-07-28,/docs,UK,tablet,43,70,57.78,225.50
2026-07-28,/docs,US,desktop,226,297,52.11,280.37
2026-07-28,/docs,US,mobile,212,351,39.17,229.55
2026-07-28,/docs,US,tablet,40,59,42.40,197.26
2026-07-28,/blog/launch,FR,desktop,158,329,57.61,253.20
2026-07-28,/blog/launch,FR,mobile,125,250,45.56,66.97
2026-07-28,/blog/launch,FR,tablet,32,61,55.37,125.63
2026-07-28,/blog/launch,EU,desktop,173,289,60.84,178.51
2026-07-28,/blog/launch,EU,mobile,134,254,58.75,148.25
2026-07-28,/blog/launch,EU,tablet,29,41,32.71,130.50
2026-07-28,/blog/launch,UK,desktop,177,288,37.68,196.78
2026-07-28,/blog/launch,UK,mobile,137,271,53.88,232.31
2026-07-28,/blog/launch,UK,tablet,28,44,28.65,305.32
2026-07-28,/blog/launch,US,desktop,160,327,58.83,202.57
2026-07-28,/blog/launch,US,mobile,130,182,38.70,237.07
2026-07-28,/blog/launch,US,tablet,33,67,30.75,161.79
2026-07-28,/contact,FR,desktop,128,196,34.82,284.18
2026-07-28,/contact,FR,mobile,126,205,31.80,184.07
2026-07-28,/contact,FR,tablet,23,35,33.76,160.72
2026-07-28,/contact,EU,desktop,130,192,28.89,280.53
2026-07-28,/contact,EU,mobile,101,209,31.03,171.31
2026-07-28,/contact,EU,tablet,22,39,43.45,237.92
2026-07-28,/contact,UK,desktop,127,167,44.84,94.70
2026-07-28,/contact,UK,mobile,106,152,58.73,262.49
2026-07-28,/contact,UK,tablet,25,33,28.83,181.58
2026-07-28,/contact,US,desktop,124,217,37.46,178.31
2026-07-28,/contact,US,mobile,122,163,58.96,312.30
2026-07-28,/contact,US,tablet,23,39,44.80,104.29
2026-07-28,/signup,FR,desktop,170,291,57.02,133.68
2026-07-28,/signup,FR,mobile,170,204,45.00,151.11
2026-07-28,/signup,FR,tablet,38,69,40.38,99.10
2026-07-28,/signup,EU,desktop,205,375,30.41,170.33
2026-07-28,/signup,EU,mobile,156,309,46.36,66.07
2026-07-28,/signup,EU,tablet,30,50,59.42,216.34
2026-07-28,/signup,UK,desktop,170,265,31.29,192.46
2026-07-28,/signup,UK,mobile,173,347,31.35,207.58
2026-07-28,/signup,UK,tablet,35,58,49.75,203.04
2026-07-28,/signup,US,desktop,175,357,50.42,65.37
2026-07-28,/signup,US,mobile,162,288,48.80,233.22
2026-07-28,/signup,US,tablet,41,77,52.85,112.28
2026-07-29,/,FR,desktop,549,891,38.29,200.67
2026-07-29,/,FR,mobile,476,814,30.82,300.50
2026-07-29,/,FR,tablet,105,169,33.16,144.42
2026-07-29,/,EU,desktop,476,954,42.19,64.68
2026-07-29,/,EU,mobile,470,962,54.57,128.96
2026-07-29,/,EU,tablet,107,223,48.74,117.59
2026-07-29,/,UK,desktop,576,984,30.44,218.04
2026-07-29,/,UK,mobile,421,738,29.26,66.64
2026-07-29,/,UK,tablet,103,208,52.05,205.25
2026-07-29,/,US,desktop,556,728,39.09,233.55
2026-07-29,/,US,mobile,472,813,60.40,262.90
2026-07-29,/,US,tablet,110,187,47.75,109.68
2026-07-29,/pricing,FR,desktop,290,428,57.52,257.11
2026-07-29,/pricing,FR,mobile,252,447,51.68,279.57
2026-07-29,/pricing,FR,tablet,56,100,56.92,108.43
2026-07-29,/pricing,EU,desktop,338,526,49.82,256.73
2026-07-29,/pricing,EU,mobile,249,496,46.23,271.43
2026-07-29,/pricing,EU,tablet,63,126,59.52,170.07
2026-07-29,/pricing,UK,desktop,303,599,57.43,228.49
2026-07-29,/pricing,UK,mobile,292,563,31.51,150.56
2026-07-29,/pricing,UK,tablet,60,122,33.33,226.78
2026-07-29,/pricing,US,desktop,347,487,39.18,80.53
2026-07-29,/pricing,US,mobile,272,420,57.85,86.77
2026-07-29,/pricing,US,tablet,59,117,41.02,255.67
2026-07-29,/product,FR,desktop,321,612,54.42,62.70
2026-07-29,/product,FR,mobile,336,440,30.28,74.51
2026-07-29,/product,FR,tablet,74,132,46.73,143.76
2026-07-29,/product,EU,desktop,355,623,51.36,178.68
2026-07-29,/product,EU,mobile,343,561,39.29,61.79
2026-07-29,/product,EU,tablet,58,73,28.52,157.21
2026-07-29,/product,UK,desktop,367,453,38.20,319.32
2026-07-29,/product,UK,mobile,276,403,61.33,180.98
2026-07-29,/product,UK,tablet,59,114,49.90,155.60
2026-07-29,/product,US,desktop,344,666,52.14,185.69
2026-07-29,/product,US,mobile,267,340,49.88,79.77
2026-07-29,/product,US,tablet,56,117,46.12,298.18
2026-07-29,/docs,FR,desktop,250,362,56.06,302.53
2026-07-29,/docs,FR,mobile,168,246,54.40,162.82
2026-07-29,/docs,FR,tablet,40,48,49.98,254.55
2026-07-29,/docs,EU,desktop,250,349,28.79,77.21
2026-07-29,/docs,EU,mobile,178,350,58.10,70.69
2026-07-29,/docs,EU,tablet,44,64,57.68,241.48
2026-07-29,/docs,UK,desktop,196,393,54.32,100.08
2026-07-29,/docs,UK,mobile,173,352,32.46,130.97
2026-07-29,/docs,UK,tablet,39,60,37.92,219.33
2026-07-29,/docs,US,desktop,245,434,48.57,228.70
2026-07-29,/docs,US,mobile,221,386,52.52,154.18
2026-07-29,/docs,US,tablet,36,43,38.06,132.41
2026-07-29,/blog/launch,FR,desktop,179,371,34.42,162.31
2026-07-29,/blog/launch,FR,mobile,122,197,57.48,196.12
2026-07-29,/blog/launch,FR,tablet,33,53,61.30,107.33
2026-07-29,/blog/launch,EU,desktop,136,243,58.66,252.32
2026-07-29,/blog/launch,EU,mobile,152,268,37.88,200.42
2026-07-29,/blog/launch,EU,tablet,28,53,31.41,160.98
2026-07-29,/blog/launch,UK,desktop,169,221,35.54,228.55
2026-07-29,/blog/launch,UK,mobile,138,251,47.20,194.25
2026-07-29,/blog/launch,UK,tablet,32,52,43.84,122.99
2026-07-29,/blog/launch,US,desktop,144,238,52.48,166.44
2026-07-29,/blog/launch,US,mobile,127,205,29.97,68.27
2026-07-29,/blog/launch,US,tablet,27,56,32.04,294.30
2026-07-29,/contact,FR,desktop,113,178,57.00,296.19
2026-07-29,/contact,FR,mobile,125,200,58.29,121.83
2026-07-29,/contact,FR,tablet,21,43,39.93,196.33
2026-07-29,/contact,EU,desktop,136,182,28.35,149.84
2026-07-29,/contact,EU,mobile,116,187,38.42,214.14
2026-07-29,/contact,EU,tablet,24,47,39.22,71.05
2026-07-29,/contact,UK,desktop,130,210,49.63,261.34
2026-07-29,/contact,UK,mobile,125,253,57.96,215.96
2026-07-29,/contact,UK,tablet,21,37,53.49,203.97
2026-07-29,/contact,US,desktop,140,200,34.22,277.45
2026-07-29,/contact,US,mobile,104,168,44.55,285.74
2026-07-29,/contact,US,tablet,21,35,54.98,213.34
2026-07-29,/signup,FR,desktop,215,312,54.79,202.14
2026-07-29,/signup,FR,mobile,143,174,46.08,259.83
2026-07-29,/signup,FR,tablet,35,45,48.99,260.77
2026-07-29,/signup,EU,desktop,197,255,29.69,213.48
2026-07-29,/signup,EU,mobile,182,281,47.55,266.00
2026-07-29,/signup,EU,tablet,34,58,56.25,144.31
2026-07-29,/signup,UK,desktop,170,339,33.77,185.70
2026-07-29,/signup,UK,mobile,179,284,39.71,104.40
2026-07-29,/signup,UK,tablet,31,43,36.05,311.93
2026-07-29,/signup,US,desktop,190,367,40.39,92.49
2026-07-29,/signup,US,mobile,157,326,61.06,273.09
2026-07-29,/signup,US,tablet,37,67,49.70,312.78
2026-07-30,/,FR,desktop,453,793,49.56,142.44
2026-07-30,/,FR,mobile,499,822,45.47,303.52
2026-07-30,/,FR,tablet,88,135,59.63,220.41
2026-07-30,/,EU,desktop,552,888,55.51,179.15
2026-07-30,/,EU,mobile,493,805,45.74,195.17
2026-07-30,/,EU,tablet,98,161,48.44,93.85
2026-07-30,/,UK,desktop,464,562,42.04,292.04
2026-07-30,/,UK,mobile,500,827,35.40,124.30
2026-07-30,/,UK,tablet,86,126,43.17,268.34
2026-07-30,/,US,desktop,545,1129,53.08,304.44
2026-07-30,/,US,mobile,484,943,46.16,300.81
2026-07-30,/,US,tablet,100,146,48.41,303.18
2026-07-30,/pricing,FR,desktop,299,409,55.62,229.99
2026-07-30,/pricing,FR,mobile,303,622,44.35,124.36
2026-07-30,/pricing,FR,tablet,68,131,42.83,299.84
2026-07-30,/pricing,EU,desktop,361,599,47.07,92.69
2026-07-30,/pricing,EU,mobile,300,384,55.70,60.89
2026-07-30,/pricing,EU,tablet,61,120,42.99,307.11
2026-07-30,/pricing,UK,desktop,321,415,50.14,79.92
2026-07-30,/pricing,UK,mobile,295,439,61.94,282.66
2026-07-30,/pricing,UK,tablet,57,102,36.41,260.05
2026-07-30,/pricing,US,desktop,354,545,48.93,271.58
2026-07-30,/pricing,US,mobile,320,384,40.40,81.97
2026-07-30,/pricing,US,tablet,51,104,60.51,83.16
2026-07-30,/product,FR,desktop,317,625,45.39,98.83
2026-07-30,/product,FR,mobile,348,546,43.05,91.43
2026-07-30,/product,FR,tablet,64,85,35.27,127.98
2026-07-30,/product,EU,desktop,378,758,37.64,203.91
2026-07-30,/product,EU,mobile,320,652,41.33,172.41
2026-07-30,/product,EU,tablet,71,126,48.05,77.25
2026-07-30,/product,UK,desktop,324,532,43.96,95.27
2026-07-30,/product,UK,mobile,328,489,54.75,250.87
2026-07-30,/product,UK,tablet,62,120,55.35,61.13
2026-07-30,/product,US,desktop,327,556,43.62,262.45
2026-07-30,/product,US,mobile,290,586,52.38,71.38
2026-07-30,/product,US,tablet,71,116,42.06,75.67
2026-07-30,/docs,FR,desktop,231,438,51.45,128.65
2026-07-30,/docs,FR,mobile,207,399,34.41,251.34
2026-07-30,/docs,FR,tablet,43,57,39.30,236.28
2026-07-30,/docs,EU,desktop,217,428,41.63,137.60
2026-07-30,/docs,EU,mobile,206,325,34.30,110.43
2026-07-30,/docs,EU,tablet,40,71,35.81,282.33
2026-07-30,/docs,UK,desktop,252,454,48.11,125.45
2026-07-30,/docs,UK,mobile,192,243,61.21,314.07
2026-07-30,/docs,UK,tablet,45,64,29.05,181.75
2026-07-30,/docs,US,desktop,250,514,39.13,190.10
2026-07-30,/docs,US,mobile,182,261,32.21,141.00
2026-07-30,/docs,US,tablet,36,69,39.05,71.74
2026-07-30,/blog/launch,FR,desktop,161,262,47.30,196.91
2026-07-30,/blog/launch,FR,mobile,126,154,32.07,202.78
2026-07-30,/blog/launch,FR,tablet,26,39,54.16,306.17
2026-07-30,/blog/launch,EU,desktop,167,214,51.32,270.07
2026-07-30,/blog/launch,EU,mobile,151,188,56.33,209.32
2026-07-30,/blog/launch,EU,tablet,30,55,33.81,226.34
2026-07-30,/blog/launch,UK,desktop,178,366,45.16,258.03
2026-07-30,/blog/launch,UK,mobile,131,237,37.01,283.82
2026-07-30,/blog/launch,UK,tablet,30,61,38.04,185.55
2026-07-30,/blog/launch,US,desktop,155,311,49.86,230.62
2026-07-30,/blog/launch,US,mobile,156,228,39.28,146.28
2026-07-30,/blog/launch,US,tablet,31,65,38.30,73.73
2026-07-30,/contact,FR,desktop,125,160,32.82,79.17
2026-07-30,/contact,FR,mobile,123,235,48.62,106.07
2026-07-30,/contact,FR,tablet,22,27,32.73,122.30
2026-07-30,/contact,EU,desktop,145,284,39.91,265.63
2026-07-30,/contact,EU,mobile,99,201,62.00,250.03
2026-07-30,/contact,EU,tablet,21,30,31.43,103.50
2026-07-30,/contact,UK,desktop,144,221,52.09,158.67
2026-07-30,/contact,UK,mobile,124,240,28.84,203.66
2026-07-30,/contact,UK,tablet,20,30,46.38,271.00
2026-07-30,/contact,US,desktop,132,188,44.06,273.32
2026-07-30,/contact,US,mobile,110,188,58.51,296.23
2026-07-30,/contact,US,tablet,26,40,54.78,99.24
2026-07-30,/signup,FR,desktop,172,294,45.24,195.90
2026-07-30,/signup,FR,mobile,182,356,61.47,184.90
2026-07-30,/signup,FR,tablet,32,50,40.13,190.37
2026-07-30,/signup,EU,desktop,166,341,33.87,202.91
2026-07-30,/signup,EU,mobile,189,332,59.44,168.56
2026-07-30,/signup,EU,tablet,37,75,40.11,314.98
2026-07-30,/signup,UK,desktop,166,287,35.29,244.12
2026-07-30,/signup,UK,mobile,157,273,44.34,136.90
2026-07-30,/signup,UK,tablet,40,81,52.31,247.24
2026-07-30,/signup,US,desktop,163,215,61.10,265.19
2026-07-30,/signup,US,mobile,146,189,56.95,133.39
2026-07-30,/signup,US,tablet,34,57,49.05,222.45
2026-07-31,/,FR,desktop,439,739,54.64,227.19
2026-07-31,/,FR,mobile,475,943,54.58,206.13
2026-07-31,/,FR,tablet,96,184,54.25,115.39
2026-07-31,/,EU,desktop,578,775,49.97,119.99
2026-07-31,/,EU,mobile,509,716,43.52,254.31
2026-07-31,/,EU,tablet,98,131,40.02,238.43
2026-07-31,/,UK,desktop,572,867,47.68,182.49
2026-07-31,/,UK,mobile,425,562,47.18,76.19
2026-07-31,/,UK,tablet,106,133,45.16,318.00
2026-07-31,/,US,desktop,510,777,45.13,81.68
2026-07-31,/,US,mobile,459,668,53.91,146.59
2026-07-31,/,US,tablet,94,132,57.59,193.92
2026-07-31,/pricing,FR,desktop,358,619,55.90,107.52
2026-07-31,/pricing,FR,mobile,267,468,57.33,250.38
2026-07-31,/pricing,FR,tablet,51,66,44.89,223.37
2026-07-31,/pricing,EU,desktop,296,455,34.31,103.44
2026-07-31,/pricing,EU,mobile,315,661,32.68,74.98
2026-07-31,/pricing,EU,tablet,68,99,43.71,296.31
2026-07-31,/pricing,UK,desktop,365,689,32.75,73.47
2026-07-31,/pricing,UK,mobile,272,544,44.63,270.14
2026-07-31,/pricing,UK,tablet,59,122,43.15,143.79
2026-07-31,/pricing,US,desktop,349,632,61.84,152.54
2026-07-31,/pricing,US,mobile,284,588,35.13,157.82
2026-07-31,/pricing,US,tablet,54,109,59.40,168.16
2026-07-31,/product,FR,desktop,346,556,49.46,192.21
2026-07-31,/product,FR,mobile,278,382,46.40,99.87
2026-07-31,/product,FR,tablet,66,97,32.73,85.78
2026-07-31,/product,EU,desktop,307,471,42.65,215.15
2026-07-31,/product,EU,mobile,266,350,41.83,206.76
2026-07-31,/product,EU,tablet,71,126,47.36,77.82
2026-07-31,/product,UK,desktop,359,683,52.92,128.24
2026-07-31,/product,UK,mobile,341,593,46.28,282.14
2026-07-31,/product,UK,tablet,57,85,55.26,121.44
2026-07-31,/product,US,desktop,356,468,44.47,109.29
2026-07-31,/product,US,mobile,339,539,48.95,207.69
2026-07-31,/product,US,tablet,69,108,30.71,193.18
2026-07-31,/docs,FR,desktop,213,444,59.25,97.51
2026-07-31,/docs,FR,mobile,182,230,51.35,160.39
2026-07-31,/docs,FR,tablet,44,85,41.48,195.50
2026-07-31,/docs,EU,desktop,225,315,33.90,126.86
2026-07-31,/docs,EU,mobile,193,283,47.84,226.58
2026-07-31,/docs,EU,tablet,43,58,33.88,285.64
2026-07-31,/docs,UK,desktop,216,380,53.73,124.15
2026-07-31,/docs,UK,mobile,198,326,40.24,216.46
2026-07-31,/docs,UK,tablet,45,55,35.54,280.24
2026-07-31,/docs,US,desktop,234,426,54.29,153.08
2026-07-31,/docs,US,mobile,173,209,41.37,78.91
2026-07-31,/docs,US,tablet,38,65,37.74,237.51
2026-07-31,/blog/launch,FR,desktop,163,314,38.48,123.77
2026-07-31,/blog/launch,FR,mobile,119,161,56.85,297.40
2026-07-31,/blog/launch,FR,tablet,29,38,60.47,260.48
2026-07-31,/blog/launch,EU,desktop,140,249,52.43,197.03
2026-07-31,/blog/launch,EU,mobile,125,238,35.21,244.05
2026-07-31,/blog/launch,EU,tablet,33,60,41.38,76.54
2026-07-31,/blog/launch,UK,desktop,181,222,39.07,210.69
2026-07-31,/blog/launch,UK,mobile,149,238,38.18,160.98
2026-07-31,/blog/launch,UK,tablet,33,68,32.52,224.43
2026-07-31,/blog/launch,US,desktop,143,216,45.71,163.13
2026-07-31,/blog/launch,US,mobile,127,214,45.03,70.15
2026-07-31,/blog/launch,US,tablet,31,42,30.66,97.98
2026-07-31,/contact,FR,desktop,116,166,39.45,263.84
2026-07-31,/contact,FR,mobile,118,225,40.43,98.88
2026-07-31,/contact,FR,tablet,27,53,28.03,98.43
2026-07-31,/contact,EU,desktop,143,184,56.49,119.72
2026-07-31,/contact,EU,mobile,121,164,53.62,268.28
2026-07-31,/contact,EU,tablet,22,35,46.90,115.03
2026-07-31,/contact,UK,desktop,127,180,28.12,163.34
2026-07-31,/contact,UK,mobile,112,148,56.38,201.86
2026-07-31,/contact,UK,tablet,22,29,59.05,228.29
2026-07-31,/contact,US,desktop,142,276,59.38,105.97
2026-07-31,/contact,US,mobile,97,134,33.94,203.10
2026-07-31,/contact,US,tablet,27,38,41.63,256.28
2026-07-31,/signup,FR,desktop,164,320,55.21,239.46
2026-07-31,/signup,FR,mobile,168,332,46.37,184.17
2026-07-31,/signup,FR,tablet,35,52,56.09,168.92
2026-07-31,/signup,EU,desktop,213,399,38.51,241.93
2026-07-31,/signup,EU,mobile,178,288,39.84,257.71
2026-07-31,/signup,EU,tablet,33,68,52.10,72.66
2026-07-31,/signup,UK,desktop,200,264,39.50,117.60
2026-07-31,/signup,UK,mobile,162,247,57.43,288.77
2026-07-31,/signup,UK,tablet,37,58,41.68,75.45
2026-07-31,/signup,US,desktop,176,271,57.12,266.75
2026-07-31,/signup,US,mobile,166,311,41.06,67.04
2026-07-31,/signup,US,tablet,38,51,31.99,243.31
2026-08-01,/,FR,desktop,327,605,33.10,178.48
2026-08-01,/,FR,mobile,331,600,50.11,202.89
2026-08-01,/,FR,tablet,65,94,60.94,221.83
2026-08-01,/,EU,desktop,347,717,36.64,86.20
2026-08-01,/,EU,mobile,273,521,46.47,113.29
2026-08-01,/,EU,tablet,71,143,50.12,292.26
2026-08-01,/,UK,desktop,326,672,38.76,224.33
2026-08-01,/,UK,mobile,350,480,38.19,262.80
2026-08-01,/,UK,tablet,64,121,55.68,297.08
2026-08-01,/,US,desktop,406,769,40.90,106.71
2026-08-01,/,US,mobile,272,484,58.49,72.74
2026-08-01,/,US,tablet,62,126,57.41,256.15
2026-08-01,/pricing,FR,desktop,220,277,32.97,68.58
2026-08-01,/pricing,FR,mobile,216,305,37.03,179.41
2026-08-01,/pricing,FR,tablet,42,62,47.68,97.32
2026-08-01,/pricing,EU,desktop,239,390,50.26,277.70
2026-08-01,/pricing,EU,mobile,179,356,49.77,106.30
2026-08-01,/pricing,EU,tablet,44,84,37.74,308.91
2026-08-01,/pricing,UK,desktop,232,327,55.34,144.31
2026-08-01,/pricing,UK,mobile,213,286,54.14,235.77
2026-08-01,/pricing,UK,tablet,47,73,40.62,300.94
2026-08-01,/pricing,US,desktop,221,321,31.10,290.69
2026-08-01,/pricing,US,mobile,169,249,28.15,72.49
2026-08-01,/pricing,US,tablet,46,68,61.07,216.58
2026-08-01,/product,FR,desktop,276,553,38.59,62.76
2026-08-01,/product,FR,mobile,213,395,36.76,118.89
2026-08-01,/product,FR,tablet,41,85,32.16,62.43
2026-08-01,/product,EU,desktop,210,420,49.85,100.16
2026-08-01,/product,EU,mobile,195,245,35.79,124.21
2026-08-01,/product,EU,tablet,39,72,33.65,140.13
2026-08-01,/product,UK,desktop,214,367,43.40,188.95
2026-08-01,/product,UK,mobile,195,269,50.13,245.75
2026-08-01,/product,UK,tablet,47,61,54.93,112.27
2026-08-01,/product,US,desktop,278,471,41.37,85.35
2026-08-01,/product,US,mobile,221,298,28.54,110.12
2026-08-01,/product,US,tablet,44,90,31.89,314.93
2026-08-01,/docs,FR,desktop,176,267,45.75,81.59
2026-08-01,/docs,FR,mobile,143,180,42.64,295.55
2026-08-01,/docs,FR,tablet,26,33,31.77,82.42
2026-08-01,/docs,EU,desktop,143,283,51.99,112.46
2026-08-01,/docs,EU,mobile,119,196,45.75,91.15
2026-08-01,/docs,EU,tablet,26,35,43.81,155.38
2026-08-01,/docs,UK,desktop,164,216,44.22,222.68
2026-08-01,/docs,UK,mobile,121,229,35.18,67.11
2026-08-01,/docs,UK,tablet,29,53,61.16,210.13
2026-08-01,/docs,US,desktop,147,233,40.61,144.84
2026-08-01,/docs,US,mobile,122,149,45.55,314.92
2026-08-01,/docs,US,tablet,26,53,37.10,206.92
2026-08-01,/blog/launch,FR,desktop,104,146,38.32,179.66
2026-08-01,/blog/launch,FR,mobile,107,177,57.11,63.75
2026-08-01,/blog/launch,FR,tablet,23,29,60.55,247.83
2026-08-01,/blog/launch,EU,desktop,125,170,28.75,307.68
2026-08-01,/blog/launch,EU,mobile,86,167,30.59,297.13
2026-08-01,/blog/launch,EU,tablet,23,30,35.03,198.77
2026-08-01,/blog/launch,UK,desktop,117,240,57.39,100.36
2026-08-01,/blog/launch,UK,mobile,84,106,52.50,73.86
2026-08-01,/blog/launch,UK,tablet,17,35,54.20,144.09
2026-08-01,/blog/launch,US,desktop,125,205,55.02,121.13
2026-08-01,/blog/launch,US,mobile,92,184,40.93,172.82
2026-08-01,/blog/launch,US,tablet,21,27,45.41,211.84
2026-08-01,/contact,FR,desktop,96,138,31.51,182.57
2026-08-01,/contact,FR,mobile,82,110,46.79,315.29
2026-08-01,/contact,FR,tablet,18,24,48.45,69.83
2026-08-01,/contact,EU,desktop,87,135,48.20,310.67
2026-08-01,/contact,EU,mobile,74,105,53.80,319.80
2026-08-01,/contact,EU,tablet,16,28,39.80,109.53
2026-08-01,/contact,UK,desktop,85,131,32.79,79.58
2026-08-01,/contact,UK,mobile,82,161,57.88,185.40
2026-08-01,/contact,UK,tablet,16,25,50.96,280.30
2026-08-01,/contact,US,desktop,100,209,52.58,122.90
2026-08-01,/contact,US,mobile,87,165,56.37,200.97
2026-08-01,/contact,US,tablet,16,20,39.35,315.06
2026-08-01,/signup,FR,desktop,136,169,32.35,243.92
2026-08-01,/signup,FR,mobile,103,212,39.91,296.73
2026-08-01,/signup,FR,tablet,22,40,60.72,302.39
2026-08-01,/signup,EU,desktop,145,240,38.65,88.94
2026-08-01,/signup,EU,mobile,122,167,45.36,230.83
2026-08-01,/signup,EU,tablet,23,42,50.70,248.47
2026-08-01,/signup,UK,desktop,130,184,60.23,243.10
2026-08-01,/signup,UK,mobile,115,149,30.50,260.02
2026-08-01,/signup,UK,tablet,24,41,60.24,288.02
2026-08-01,/signup,US,desktop,114,232,55.92,190.40
2026-08-01,/signup,US,mobile,105,149,48.43,127.72
2026-08-01,/signup,US,tablet,25,45,35.31,230.71
2026-08-02,/,FR,desktop,405,771,30.85,99.26
2026-08-02,/,FR,mobile,288,468,38.14,215.81
2026-08-02,/,FR,tablet,58,101,32.84,179.22
2026-08-02,/,EU,desktop,358,618,30.52,164.69
2026-08-02,/,EU,mobile,352,727,33.77,289.23
2026-08-02,/,EU,tablet,71,127,59.57,294.22
2026-08-02,/,UK,desktop,412,510,46.95,86.25
2026-08-02,/,UK,mobile,274,542,61.34,316.76
2026-08-02,/,UK,tablet,70,141,61.22,304.11
2026-08-02,/,US,desktop,347,453,53.72,209.36
2026-08-02,/,US,mobile,273,337,29.66,143.12
2026-08-02,/,US,tablet,64,122,39.42,226.28
2026-08-02,/pricing,FR,desktop,241,428,43.44,247.10
2026-08-02,/pricing,FR,mobile,173,228,53.05,226.95
2026-08-02,/pricing,FR,tablet,41,75,42.68,219.39
2026-08-02,/pricing,EU,desktop,202,404,38.14,68.45
2026-08-02,/pricing,EU,mobile,170,345,60.31,184.46
2026-08-02,/pricing,EU,tablet,37,58,61.30,100.41
2026-08-02,/pricing,UK,desktop,196,238,47.70,214.40
2026-08-02,/pricing,UK,mobile,225,336,48.43,187.30
2026-08-02,/pricing,UK,tablet,40,53,54.95,165.15
2026-08-02,/pricing,US,desktop,197,410,48.38,161.87
2026-08-02,/pricing,US,mobile,202,321,60.85,146.08
2026-08-02,/pricing,US,tablet,39,66,61.48,94.46
2026-08-02,/product,FR,desktop,235,423,35.47,288.30
2026-08-02,/product,FR,mobile,226,371,51.53,276.78
2026-08-02,/product,FR,tablet,42,87,41.30,288.47
2026-08-02,/product,EU,desktop,210,347,56.01,70.22
2026-08-02,/product,EU,mobile,195,366,53.49,153.79
2026-08-02,/product,EU,tablet,39,66,49.05,224.81
2026-08-02,/product,UK,desktop,213,384,47.01,303.96
2026-08-02,/product,UK,mobile,233,473,49.21,168.57
2026-08-02,/product,UK,tablet,42,75,55.27,268.35
2026-08-02,/product,US,desktop,248,440,31.24,178.17
2026-08-02,/product,US,mobile,241,502,28.57,293.12
2026-08-02,/product,US,tablet,51,101,32.57,279.80
2026-08-02,/docs,FR,desktop,152,211,28.40,60.84
2026-08-02,/docs,FR,mobile,125,242,54.94,125.97
2026-08-02,/docs,FR,tablet,27,44,30.61,289.74
2026-08-02,/docs,EU,desktop,156,278,51.66,170.10
2026-08-02,/docs,EU,mobile,129,236,29.33,185.99
2026-08-02,/docs,EU,tablet,25,50,48.31,227.81
2026-08-02,/docs,UK,desktop,145,268,37.34,273.95
2026-08-02,/docs,UK,mobile,129,237,54.53,101.20
2026-08-02,/docs,UK,tablet,29,35,51.09,172.95
2026-08-02,/docs,US,desktop,143,197,53.39,156.19
2026-08-02,/docs,US,mobile,136,172,37.32,67.92
2026-08-02,/docs,US,tablet,30,45,44.26,270.08
2026-08-02,/blog/launch,FR,desktop,117,219,47.45,95.44
2026-08-02,/blog/launch,FR,mobile,92,152,46.40,253.67
2026-08-02,/blog/launch,FR,tablet,20,39,57.31,126.59
2026-08-02,/blog/launch,EU,desktop,114,142,41.48,223.27
2026-08-02,/blog/launch,EU,mobile,85,160,38.72,153.91
2026-08-02,/blog/launch,EU,tablet,20,35,35.57,183.48
2026-08-02,/blog/launch,UK,desktop,112,153,33.29,280.71
2026-08-02,/blog/launch,UK,mobile,91,137,45.36,60.32
2026-08-02,/blog/launch,UK,tablet,20,29,40.91,186.37
2026-08-02,/blog/launch,US,desktop,95,115,39.58,240.30
2026-08-02,/blog/launch,US,mobile,85,144,42.35,194.73
2026-08-02,/blog/launch,US,tablet,23,46,49.45,149.49
2026-08-02,/contact,FR,desktop,89,178,31.09,252.77
2026-08-02,/contact,FR,mobile,85,160,38.96,237.36
2026-08-02,/contact,FR,tablet,15,23,31.46,86.10
2026-08-02,/contact,EU,desktop,80,157,55.66,173.34
2026-08-02,/contact,EU,mobile,76,148,46.25,267.13
2026-08-02,/contact,EU,tablet,15,27,56.67,72.68
2026-08-02,/contact,UK,desktop,80,111,59.55,84.30
2026-08-02,/contact,UK,mobile,87,156,54.48,104.93
2026-08-02,/contact,UK,tablet,15,23,43.80,101.41
2026-08-02,/contact,US,desktop,82,113,35.61,250.49
2026-08-02,/contact,US,mobile,70,126,55.45,287.79
2026-08-02,/contact,US,tablet,18,30,46.14,134.90
2026-08-02,/signup,FR,desktop,127,174,44.14,312.34
2026-08-02,/signup,FR,mobile,129,171,57.47,211.36
2026-08-02,/signup,FR,tablet,28,46,29.64,260.04
2026-08-02,/signup,EU,desktop,153,306,53.21,113.20
2026-08-02,/signup,EU,mobile,126,246,34.28,212.00
2026-08-02,/signup,EU,tablet,24,40,59.08,251.11
2026-08-02,/signup,UK,desktop,135,247,34.93,130.18
2026-08-02,/signup,UK,mobile,132,185,51.56,282.27
2026-08-02,/signup,UK,tablet,25,38,44.29,69.80
2026-08-02,/signup,US,desktop,123,201,36.37,179.89
2026-08-02,/signup,US,mobile,118,171,50.38,256.06
2026-08-02,/signup,US,tablet,27,51,41.46,137.57
